chainname,chainid,blockexplorer,apiurl,status,comment
Ethereum Mainnet,1,https://etherscan.io/,https://api.etherscan.io/v2/api?chainid=1,1,
Sepolia Testnet,11155111,https://sepolia.etherscan.io/,https://api.etherscan.io/v2/api?chainid=11155111,1,
Hoodi Testnet,560048,https://hoodi.etherscan.io/,https://api.etherscan.io/v2/api?chainid=560048,1,
BNB Smart Chain Mainnet,56,https://bscscan.com/,https://api.etherscan.io/v2/api?chainid=56,1,
BNB Smart Chain Testnet,97,https://testnet.bscscan.com/,https://api.etherscan.io/v2/api?chainid=97,1,
Polygon Mainnet,137,https://polygonscan.com/,https://api.etherscan.io/v2/api?chainid=137,1,
Polygon Amoy Testnet,80002,https://amoy.polygonscan.com/,https://api.etherscan.io/v2/api?chainid=80002,1,
Base Mainnet,8453,https://basescan.org/,https://api.etherscan.io/v2/api?chainid=8453,1,
Base Sepolia Testnet,84532,https://sepolia.basescan.org/,https://api.etherscan.io/v2/api?chainid=84532,1,
Arbitrum One Mainnet,42161,https://arbiscan.io/,https://api.etherscan.io/v2/api?chainid=42161,1,
Arbitrum Sepolia Testnet,421614,https://sepolia.arbiscan.io/,https://api.etherscan.io/v2/api?chainid=421614,1,
Linea Mainnet,59144,https://lineascan.build/,https://api.etherscan.io/v2/api?chainid=59144,1,
Linea Sepolia Testnet,59141,https://sepolia.lineascan.build/,https://api.etherscan.io/v2/api?chainid=59141,1,
Blast Mainnet,81457,https://blastscan.io/,https://api.etherscan.io/v2/api?chainid=81457,1,
Blast Sepolia Testnet,168587773,https://sepolia.blastscan.io/,https://api.etherscan.io/v2/api?chainid=168587773,1,
OP Mainnet,10,https://optimistic.etherscan.io/,https://api.etherscan.io/v2/api?chainid=10,1,
OP Sepolia Testnet,11155420,https://sepolia-optimism.etherscan.io/,https://api.etherscan.io/v2/api?chainid=11155420,1,
Avalanche C-Chain,43114,https://snowscan.xyz/,https://api.etherscan.io/v2/api?chainid=43114,1,
Avalanche Fuji Testnet,43113,https://testnet.snowscan.xyz/,https://api.etherscan.io/v2/api?chainid=43113,1,
BitTorrent Chain Mainnet,199,https://bttcscan.com/,https://api.etherscan.io/v2/api?chainid=199,1,
BitTorrent Chain Testnet,1029,https://testnet.bttcscan.com/,https://api.etherscan.io/v2/api?chainid=1029,1,
Celo Mainnet,42220,https://celoscan.io/,https://api.etherscan.io/v2/api?chainid=42220,1,
Celo Sepolia Testnet,11142220,https://sepolia.celoscan.io/,https://api.etherscan.io/v2/api?chainid=11142220,1,
Fraxtal Mainnet,252,https://fraxscan.com/,https://api.etherscan.io/v2/api?chainid=252,1,
Fraxtal Hoodi Testnet,2523,https://hoodi.fraxscan.com/,https://api.etherscan.io/v2/api?chainid=2523,1,
Gnosis,100,https://gnosisscan.io/,https://api.etherscan.io/v2/api?chainid=100,1,
Mantle Mainnet,5000,https://mantlescan.xyz/,https://api.etherscan.io/v2/api?chainid=5000,1,
Mantle Sepolia Testnet,5003,https://sepolia.mantlescan.xyz/,https://api.etherscan.io/v2/api?chainid=5003,1,
Memecore Mainnet,4352,https://memecorescan.io/,https://api.etherscan.io/v2/api?chainid=4352,1,
Memecore Insectarium Testnet,43522,https://testnet.memecorescan.io/,https://api.etherscan.io/v2/api?chainid=43522,1,
opBNB Mainnet,204,https://opbnb.bscscan.com/,https://api.etherscan.io/v2/api?chainid=204,1,
opBNB Testnet,5611,https://opbnb-testnet.bscscan.com/,https://api.etherscan.io/v2/api?chainid=5611,1,
Taiko Mainnet,167000,https://taikoscan.io/,https://api.etherscan.io/v2/api?chainid=167000,1,
Taiko Hoodi,167013,https://hoodi.taikoscan.io/,https://api.etherscan.io/v2/api?chainid=167013,1,
XDC Mainnet,50,https://xdcscan.com/,https://api.etherscan.io/v2/api?chainid=50,1,
XDC Apothem Testnet,51,https://testnet.xdcscan.com/,https://api.etherscan.io/v2/api?chainid=51,1,
ApeChain Mainnet,33139,https://apescan.io/,https://api.etherscan.io/v2/api?chainid=33139,1,
ApeChain Curtis Testnet,33111,https://curtis.apescan.io/,https://api.etherscan.io/v2/api?chainid=33111,1,
World Mainnet,480,https://worldscan.org/,https://api.etherscan.io/v2/api?chainid=480,1,
World Sepolia Testnet,4801,https://sepolia.worldscan.org/,https://api.etherscan.io/v2/api?chainid=4801,1,
Sonic Mainnet,146,https://sonicscan.org/,https://api.etherscan.io/v2/api?chainid=146,1,
Sonic Testnet,14601,https://testnet.sonicscan.org/,https://api.etherscan.io/v2/api?chainid=14601,1,
Unichain Mainnet,130,https://uniscan.xyz/,https://api.etherscan.io/v2/api?chainid=130,1,
Unichain Sepolia Testnet,1301,https://sepolia.uniscan.xyz/,https://api.etherscan.io/v2/api?chainid=1301,1,
Abstract Mainnet,2741,https://abscan.org/,https://api.etherscan.io/v2/api?chainid=2741,1,
Abstract Sepolia Testnet,11124,https://sepolia.abscan.org/,https://api.etherscan.io/v2/api?chainid=11124,1,
Berachain Mainnet,80094,https://berascan.com/,https://api.etherscan.io/v2/api?chainid=80094,1,
Berachain Bepolia Testnet,80069,https://testnet.berascan.com/,https://api.etherscan.io/v2/api?chainid=80069,1,
Monad Mainnet,143,https://monadscan.com/,https://api.etherscan.io/v2/api?chainid=143,1,
Monad Testnet,10143,https://testnet.monadscan.com/,https://api.etherscan.io/v2/api?chainid=10143,1,
HyperEVM Mainnet,999,https://hyperevmscan.io/,https://api.etherscan.io/v2/api?chainid=999,1,
Katana Mainnet,747474,https://katanascan.com/,https://api.etherscan.io/v2/api?chainid=747474,1,
Katana Bokuto,737373,https://bokuto.katanascan.com/,https://api.etherscan.io/v2/api?chainid=737373,1,
Sei Mainnet,1329,https://seiscan.io/,https://api.etherscan.io/v2/api?chainid=1329,1,
Sei Testnet,1328,https://testnet.seiscan.io/,https://api.etherscan.io/v2/api?chainid=1328,1,
Stable Mainnet,988,https://stablescan.xyz/,https://api.etherscan.io/v2/api?chainid=988,1,Coming soon
Stable Testnet,2201,https://testnet.stablescan.xyz/,https://api.etherscan.io/v2/api?chainid=2201,1,
Plasma Mainnet,9745,https://plasmascan.to/,https://api.etherscan.io/v2/api?chainid=9745,1,
Plasma Testnet,9746,https://testnet.plasmascan.to/,https://api.etherscan.io/v2/api?chainid=9746,1,
MegaETH Mainnet,4326,https://mega.etherscan.io/,https://api.etherscan.io/v2/api?chainid=4326,1,
MegaETH Testnet,6343,https://testnet-mega.etherscan.io/,https://api.etherscan.io/v2/api?chainid=6343,1,
