hop,hash,blockNumber,timeStamp,from,to,value,gasUsed,gasPrice,isError,tx_for_address
0,0xd734c3466791eb82453b2052d2de3c944bc36a2d534d1b75c6b5d3ef5486f711,11532783,1787275380,0x993a0f3653887078215914badcf039263293add9,0x846943093f519a47734765bef9ee1136800beb9c,50000000000000000,21000,1062156358,0,0x846943093f519a47734765bef9ee1136800beb9c
0,0xe63ca6a0093f30d96f610cfb94ad6b324f3e351c5da8f0fc8b265b84b4ddc257,11554722,1787545896,0x6efb29cee3b414272eb7a8f3ebabf873d36bc033,0x846943093f519a47734765bef9ee1136800beb9c,50000000000000000,21000,1099747553,0,0x846943093f519a47734765bef9ee1136800beb9c
0,0x44ddd0d60cd625e89521f2bb2429b5eb14b177c5f39ef43e75e023be3722735d,11554728,1787545992,0x3936a1df6f673a8099c480ed9d86a4ac69ca5c00,0x846943093f519a47734765bef9ee1136800beb9c,50000000000000000,21000,2606309399,0,0x846943093f519a47734765bef9ee1136800beb9c
0,0x948fd5f91e31d62037a2070e9a1e4b56db1864c75200efb2e72e728c2b465bd9,11554817,1787547120,0x846943093f519a47734765bef9ee1136800beb9c,0xe7f1725e7734ce288f8367e1bb143e90bb3f0512,0,28630,2472162700,0,0x846943093f519a47734765bef9ee1136800beb9c
0,0x93237ed5a61cfb88a5314871fd6710dea1be2501b41287ddca116c65bc23b160,11554937,1787548584,0x846943093f519a47734765bef9ee1136800beb9c,0xe7f1725e7734ce288f8367e1bb143e90bb3f0512,0,28780,2507361706,0,0x846943093f519a47734765bef9ee1136800beb9c
0,0x6f7905c771cd4ff36e1483e30c743fe38e50e51e88284b7b0a55fcd0332fc628,11567656,1787705376,0x6efb29cee3b414272eb7a8f3ebabf873d36bc033,0x846943093f519a47734765bef9ee1136800beb9c,50000000000000000,21000,1048294798,0,0x846943093f519a47734765bef9ee1136800beb9c
0,0x784aab87b65c8febc9976b439d9122614dc4cb1999e85ad922aa6373d50b2f62,11567661,1787705436,0x3936a1df6f673a8099c480ed9d86a4ac69ca5c00,0x846943093f519a47734765bef9ee1136800beb9c,50000000000000000,21000,2520348690,0,0x846943093f519a47734765bef9ee1136800beb9c
0,0x7e2ddd10c49b6bac4aab3df190f96ef0d58e27e342d274288b130e4c5272620e,11567808,1787707368,0x846943093f519a47734765bef9ee1136800beb9c,,0,2810455,1119837204,0,0x846943093f519a47734765bef9ee1136800beb9c
0,0x47c36796343f76b333b3f89ef3202ad06bdb129f63b8a13ff2d8ec843fb7d5d4,11567809,1787707380,0x846943093f519a47734765bef9ee1136800beb9c,,0,987269,1073709565,0,0x846943093f519a47734765bef9ee1136800beb9c
0,0x93cebd8ea5a9d20882ee99610cfdce0854b1a3b8c5adf37bb3a9220b7726c479,11567821,1787707524,0x846943093f519a47734765bef9ee1136800beb9c,,0,2998756,1012445291,0,0x846943093f519a47734765bef9ee1136800beb9c
0,0x7b0360bc6b86f3247a5b1637eaefad4a8ed47d11acd917e81fb26efa07afc135,11567882,1787708328,0x846943093f519a47734765bef9ee1136800beb9c,0xdb9b1e94b5b69df7e401ddbede43491141047db3,0,536930,2489324242,0,0x846943093f519a47734765bef9ee1136800beb9c
0,0x208b5ad1f29fade16481985b8816a208de00c31e6ca72a1a805f73dc91d7ffe0,11568013,1787710044,0x846943093f519a47734765bef9ee1136800beb9c,0xdb9b1e94b5b69df7e401ddbede43491141047db3,0,507330,2537980820,0,0x846943093f519a47734765bef9ee1136800beb9c
0,0x5487dabafd688cf538547b8944c1e940cff6b44060b99708e8fb6a865d1263de,11568111,1787711292,0x846943093f519a47734765bef9ee1136800beb9c,0xdb9b1e94b5b69df7e401ddbede43491141047db3,0,272045,2489963626,0,0x846943093f519a47734765bef9ee1136800beb9c
0,0x31d6a30adaa603613336c251d75edb8b29d1912d571572e5abf0708516ca6809,11568144,1787711724,0x846943093f519a47734765bef9ee1136800beb9c,,0,2998756,1129635100,0,0x846943093f519a47734765bef9ee1136800beb9c
0,0xfb2d309f8a74837d1532664d37469ef6377b9dbdd0cc68a35af5f571bc93acec,11581509,1787879148,0x846943093f519a47734765bef9ee1136800beb9c,,0,2810455,1129990271,0,0x846943093f519a47734765bef9ee1136800beb9c
0,0x79c266c5efd9b703770708815477eed9975280cea60bc26f72d9360d4d000981,11581510,1787879160,0x846943093f519a47734765bef9ee1136800beb9c,,0,987269,1212209084,0,0x846943093f519a47734765bef9ee1136800beb9c
0,0xa724cc21bf637cf288493f5f561f9a1fd68be5c0db93afa057fe581ea8ad60d8,11581514,1787879208,0x846943093f519a47734765bef9ee1136800beb9c,,0,2998744,1160610362,0,0x846943093f519a47734765bef9ee1136800beb9c
0,0xe022dfc807667642bf1751600ec99748576e6443033bf6e66132961bf3f506ef,11581550,1787879664,0x846943093f519a47734765bef9ee1136800beb9c,,0,2810455,1166219753,0,0x846943093f519a47734765bef9ee1136800beb9c
0,0x07450ee7becca865625f2554c5f8c85e2b1612a161d4435bbb1070ceba2b5cd7,11581550,1787879664,0xd3d9e0d982c19ef8396a9eb66611910e829ecd38,0x846943093f519a47734765bef9ee1136800beb9c,10000000000000000,21055,2566219753,0,0x846943093f519a47734765bef9ee1136800beb9c
0,0x4ffa47493546581a575eafcf97c3c0d4b6f97730b04e18d71ee8e4222d585a00,11581551,1787879676,0x846943093f519a47734765bef9ee1136800beb9c,,0,987269,1243132823,0,0x846943093f519a47734765bef9ee1136800beb9c
0,0x7c68bbb6ae27044838d2509739c9d89d662be985325cf5c7306b4f85a200a0d8,11581560,1787879784,0x846943093f519a47734765bef9ee1136800beb9c,,0,2998744,1251912444,0,0x846943093f519a47734765bef9ee1136800beb9c
0,0x0e361aa4c7be37dbff3a40238b272087bbeb02f1c241d4a70ca8e52b7ddc04b0,11581567,1787879868,0x846943093f519a47734765bef9ee1136800beb9c,0xdb9b1e94b5b69df7e401ddbede43491141047db3,0,524454,2643497455,0,0x846943093f519a47734765bef9ee1136800beb9c
0,0x7601af451b1fcb22f6b928248131be0ea903954af63928064ee7ce38b4268f0d,11581581,1787880048,0x846943093f519a47734765bef9ee1136800beb9c,0xdb9b1e94b5b69df7e401ddbede43491141047db3,0,507342,2625669262,0,0x846943093f519a47734765bef9ee1136800beb9c
0,0x3da163f64b03749d769b4e30147159d9aec82daac41a38c63d10d3d7a3152169,11581588,1787880132,0x3960dd7da13ef647fbb181e03c51d043282a4b23,0x846943093f519a47734765bef9ee1136800beb9c,20000000000000000,21055,2601195453,0,0x846943093f519a47734765bef9ee1136800beb9c
0,0x3ad75d1ca2516e0e45fc7220a8ea118dddac820fd06e4c77a50feaf1107776c3,11581669,1787881116,0x846943093f519a47734765bef9ee1136800beb9c,0xdb9b1e94b5b69df7e401ddbede43491141047db3,0,507318,2579741560,0,0x846943093f519a47734765bef9ee1136800beb9c
0,0x6a9e759e4efa71e7d2f58114292da6e6f8bceaeea3442199be8a7dbc00c9e5b7,11581736,1787881968,0x846943093f519a47734765bef9ee1136800beb9c,0xdb9b1e94b5b69df7e401ddbede43491141047db3,0,125129,2591347750,0,0x846943093f519a47734765bef9ee1136800beb9c
0,0xaa45324573cf3a838994d6731034108a20e96686fba072d5b61b6d05be6b12c1,11581741,1787882028,0x846943093f519a47734765bef9ee1136800beb9c,0xd98b9cc1f3a8db4e2a24768e56b240deebac5e34,0,57286,2634176386,0,0x846943093f519a47734765bef9ee1136800beb9c
0,0x78ff215cb43117f952157ab054b9a7dc5065975f461c7f1fce43a3981571147d,11582385,1787889984,0x846943093f519a47734765bef9ee1136800beb9c,,0,2810455,1158833761,0,0x846943093f519a47734765bef9ee1136800beb9c
0,0xd684439bd37ef746eb2a60f2290c2856a50cbc2d229aaf6c18da8331392503a6,11582386,1787889996,0x846943093f519a47734765bef9ee1136800beb9c,,0,987269,1082729127,0,0x846943093f519a47734765bef9ee1136800beb9c
0,0x17ff63d65f298a379d10fe56237eee5bf0afad4da9f1cf585e0050ce9894bcc0,11582405,1787890236,0x846943093f519a47734765bef9ee1136800beb9c,,0,2998744,1135146456,0,0x846943093f519a47734765bef9ee1136800beb9c
0,0x65aad10cccffe0f298e70a0d451319b6cbe279fcdfcc9e6a275d15adee5e8c16,11582481,1787891160,0x846943093f519a47734765bef9ee1136800beb9c,0xdb9b1e94b5b69df7e401ddbede43491141047db3,0,524430,2609076047,0,0x846943093f519a47734765bef9ee1136800beb9c
0,0xef0b94cc66b76870f2cee480c9f7d48cc64af43284dd48ed6cd448b88dc66039,11582564,1787892204,0x846943093f519a47734765bef9ee1136800beb9c,,0,2810455,1121376183,0,0x846943093f519a47734765bef9ee1136800beb9c
0,0xa01951a8828e06bbe71d64b6a769217070ec89e455e610a0cf3dedcef2d4a4c6,11582565,1787892216,0x846943093f519a47734765bef9ee1136800beb9c,,0,987269,1134166473,0,0x846943093f519a47734765bef9ee1136800beb9c
0,0x96b2bf8cbfc98de9fd030482f24c21bc2c67a15db4cd4bc63f5e5405250d1db8,11582807,1787895168,0x846943093f519a47734765bef9ee1136800beb9c,,0,2810455,1017213193,0,0x846943093f519a47734765bef9ee1136800beb9c
0,0x2751ca3047f3f0e4a683c93a1e36ce2a122c30e4fec29ded4474c60834d7e7a7,11582808,1787895180,0x846943093f519a47734765bef9ee1136800beb9c,,0,987269,1120834717,0,0x846943093f519a47734765bef9ee1136800beb9c
0,0x0bd9b590fbee15458a10db5532a74489a2de19562c14e055cd35c207a71a07c8,11582825,1787895408,0x846943093f519a47734765bef9ee1136800beb9c,0xdb9b1e94b5b69df7e401ddbede43491141047db3,0,524418,2510989329,0,0x846943093f519a47734765bef9ee1136800beb9c
0,0xf06ee6d00f5c6e5a1bc2aa19351b0def3926c5f3045f8cbc8d66896599fbee80,11582875,1787896008,0x846943093f519a47734765bef9ee1136800beb9c,,0,2810455,1121625370,0,0x846943093f519a47734765bef9ee1136800beb9c
0,0xae58a4c4970642ac65d406d4100ed99884903231fa44fdfab787e367bf966223,11582876,1787896020,0x846943093f519a47734765bef9ee1136800beb9c,,0,987269,1094965433,0,0x846943093f519a47734765bef9ee1136800beb9c
0,0x61561b7d7e13add94b0cfbd3248e526282d6c51c6c173b36f382757225ebcb97,11582921,1787896584,0x846943093f519a47734765bef9ee1136800beb9c,0xdb9b1e94b5b69df7e401ddbede43491141047db3,0,524430,2481498989,0,0x846943093f519a47734765bef9ee1136800beb9c
0,0x3f1c184dcc380e0483725955c341988299d8259266ef3a3ece9a8523eccc566d,11582965,1787897112,0x846943093f519a47734765bef9ee1136800beb9c,,0,2998744,1151664006,0,0x846943093f519a47734765bef9ee1136800beb9c
0,0xfc58f3b049be33eb38dd2045a05a557b277b9cbb4620371eeae6e4546224669e,11582986,1787897364,0x846943093f519a47734765bef9ee1136800beb9c,0xdb9b1e94b5b69df7e401ddbede43491141047db3,0,125129,2517155556,0,0x846943093f519a47734765bef9ee1136800beb9c
0,0x72e2558f017525e7e90a76c1b2badc788a50aed0598987aefd3fcac3c5509c02,11582991,1787897436,0x846943093f519a47734765bef9ee1136800beb9c,0xdb9b1e94b5b69df7e401ddbede43491141047db3,0,147050,2491118240,0,0x846943093f519a47734765bef9ee1136800beb9c
0,0x1d05a6fa4cbe097c0e24cdb910c02991ec484b72c321d9244bc8513069c0b0be,11657604,1788826668,0x846943093f519a47734765bef9ee1136800beb9c,,0,2810455,1121704938,0,0x846943093f519a47734765bef9ee1136800beb9c
0,0x95da9a2b4c583c4d4f5d533f9acf8c687d3440e8b765876e2cd2f7a380ddcd8f,11657605,1788826680,0x846943093f519a47734765bef9ee1136800beb9c,,0,987269,1109809476,0,0x846943093f519a47734765bef9ee1136800beb9c
0,0xf727ccbeaa01d8718c5c332885a874eee6b2c8415dc180a26aef9a496c129463,11657609,1788826728,0x846943093f519a47734765bef9ee1136800beb9c,,0,2998744,1089103197,0,0x846943093f519a47734765bef9ee1136800beb9c
0,0xf1a2d2bcfad95481de13f719db74881febc55b7e8b8b3c0e8a9ee2317f716771,11657701,1788827904,0x9a0c272bd8bb40edb2689bf48b395f8ecb561d55,0x846943093f519a47734765bef9ee1136800beb9c,50000000000000000,21055,989485063,0,0x846943093f519a47734765bef9ee1136800beb9c
0,0x2a1a234200001c1267da232054b52ce103da47633a0d0f57888c80f23dde6aca,11658496,1788837588,0x846943093f519a47734765bef9ee1136800beb9c,,0,2810455,1002863398,0,0x846943093f519a47734765bef9ee1136800beb9c
0,0x6570ed0a20ef63d777b668f04445c93f2afada30e142604810d90a0b65b9bef7,11658498,1788837612,0x846943093f519a47734765bef9ee1136800beb9c,,0,987269,1086659203,0,0x846943093f519a47734765bef9ee1136800beb9c
0,0x96759209a863ffdda9fbfdb644f4643f7deece833872525e6fe1bdff0ee20b5e,11658501,1788837648,0x846943093f519a47734765bef9ee1136800beb9c,,0,2998744,1123069219,0,0x846943093f519a47734765bef9ee1136800beb9c
0,0x42aafc85b8337c300cabc1e3a5732fd0ac720cdc62fbea1c9fb9c0c62e2f2286,11658517,1788837852,0x846943093f519a47734765bef9ee1136800beb9c,0xdb9b1e94b5b69df7e401ddbede43491141047db3,0,524382,2519508283,0,0x846943093f519a47734765bef9ee1136800beb9c
0,0x6963146df07e3e346ad7daea3920a2f417c6664d6cb6a1cc2fa5b08cb57108f3,11659342,1788848172,0x846943093f519a47734765bef9ee1136800beb9c,,0,2887506,1122267366,0,0x846943093f519a47734765bef9ee1136800beb9c
0,0x0480034c873ab1b33e8e6322d5953ee7024eff580a5841d4e75a5e609b5fa5b6,11659343,1788848184,0x846943093f519a47734765bef9ee1136800beb9c,,0,987269,1135062964,0,0x846943093f519a47734765bef9ee1136800beb9c
0,0xc382c5fe83ae13a6c2282f83cf473239de9bc93a156cb76ddc05cf24817a9029,11659347,1788848232,0x846943093f519a47734765bef9ee1136800beb9c,,0,3114373,1122866604,0,0x846943093f519a47734765bef9ee1136800beb9c
0,0xdeb1e71aab2226c9a5f1613a310a67ebf179af529b2a82773ccc2762c02b2845,11665557,1788927288,0x846943093f519a47734765bef9ee1136800beb9c,,0,2887218,1101170283,0,0x846943093f519a47734765bef9ee1136800beb9c
0,0xdf8a6fbd2566493134b9f8ed764fc608cb787e26b09a5a4d9bfbec4e2341cf7d,11665559,1788927312,0x846943093f519a47734765bef9ee1136800beb9c,,0,987257,1088259994,0,0x846943093f519a47734765bef9ee1136800beb9c
0,0x6200a0fc5f741cfe221469d66f3bbdcfc10ece4cafd25808498d5c3e19c02dd2,11665563,1788927360,0x846943093f519a47734765bef9ee1136800beb9c,,0,3113941,1120739523,0,0x846943093f519a47734765bef9ee1136800beb9c
0,0xf32424e1b4f92bd3f2bed5819019627c3608b51fb64d2d44fdb0022202567ec2,11665572,1788927480,0x846943093f519a47734765bef9ee1136800beb9c,0xdb9b1e94b5b69df7e401ddbede43491141047db3,0,524370,2459187295,0,0x846943093f519a47734765bef9ee1136800beb9c
0,0x42639762a900a9da3b2a5ff38dab8951abeef418db197c960cd08b3b99396f1f,11665639,1788928308,0x846943093f519a47734765bef9ee1136800beb9c,0xdb9b1e94b5b69df7e401ddbede43491141047db3,0,258428,2576519237,0,0x846943093f519a47734765bef9ee1136800beb9c
0,0x07fe64c1a9f3bae2bf4ec689c05fba798009856605fb4c30c55e8f16326b22a7,11665650,1788928440,0x846943093f519a47734765bef9ee1136800beb9c,0x0ec72ac1f37f2b6e9182a9d4d3d062594773063c,0,34972,2553368584,0,0x846943093f519a47734765bef9ee1136800beb9c
1,0x5a9bff36c41bb8b47e56d517f653a75d8ece49fb7926ba97c5d24fd92cb46db5,2292089,1668488844,0x924b45175fbed86d518394c05c0d8fd3c4c36b53,0xe7f1725e7734ce288f8367e1bb143e90bb3f0512,0,22616,1500000007,0,0xe7f1725e7734ce288f8367e1bb143e90bb3f0512
1,0xed5ea121ed640aafc876628be8c1ffc1afef664a141577b3db3eb933c1c4a7aa,2292102,1668489012,0x924b45175fbed86d518394c05c0d8fd3c4c36b53,0xe7f1725e7734ce288f8367e1bb143e90bb3f0512,0,22616,1500000007,0,0xe7f1725e7734ce288f8367e1bb143e90bb3f0512
1,0xe4946dce6c608a745de0171cedf9811ad6b65299d4fbf4c171ff067ab40ab146,2292128,1668489360,0x924b45175fbed86d518394c05c0d8fd3c4c36b53,0xe7f1725e7734ce288f8367e1bb143e90bb3f0512,0,22616,23729498011,0,0xe7f1725e7734ce288f8367e1bb143e90bb3f0512
1,0x17febde5e6b9e71df7a2197fb347179c2c678a2b78f01e1fa501447c45d57c4f,2292202,1668490356,0x924b45175fbed86d518394c05c0d8fd3c4c36b53,0xe7f1725e7734ce288f8367e1bb143e90bb3f0512,0,22616,50440000027,0,0xe7f1725e7734ce288f8367e1bb143e90bb3f0512
1,0x013e62ea4a35f2ac76cfa27d98d7026be8ec255069014732d0fd43581b136c5a,2292203,1668490380,0x924b45175fbed86d518394c05c0d8fd3c4c36b53,0xe7f1725e7734ce288f8367e1bb143e90bb3f0512,0,22616,48926800026,0,0xe7f1725e7734ce288f8367e1bb143e90bb3f0512
1,0x6e21dbd18cbf87c1b39cad7575f241cd969b8fbe2bb5f75c4016a5c136d824ba,2384513,1669783764,0x924b45175fbed86d518394c05c0d8fd3c4c36b53,0xe7f1725e7734ce288f8367e1bb143e90bb3f0512,0,22616,1500000007,0,0xe7f1725e7734ce288f8367e1bb143e90bb3f0512
1,0x60cdd01bd56d0dbddf90d9d57dd425583be9446e8c7f5953a34214ce4b662423,2385310,1669794288,0x924b45175fbed86d518394c05c0d8fd3c4c36b53,0xe7f1725e7734ce288f8367e1bb143e90bb3f0512,0,22616,1500000007,0,0xe7f1725e7734ce288f8367e1bb143e90bb3f0512
1,0x50f633edb1bcc520ad3d782fc97b1439c7e9ea4445e878f361bb70e78fe14ee0,2385489,1669796628,0x924b45175fbed86d518394c05c0d8fd3c4c36b53,0xe7f1725e7734ce288f8367e1bb143e90bb3f0512,0,22616,1500000007,0,0xe7f1725e7734ce288f8367e1bb143e90bb3f0512
1,0x41730af377176c8a1d8d4dab4c199062124e76066c937963985e51bf3abfc540,2419576,1670275800,0x98be5df6b15ae37d4bcd7556b1a1c6be533a6366,0xe7f1725e7734ce288f8367e1bb143e90bb3f0512,0,21332,1500000007,0,0xe7f1725e7734ce288f8367e1bb143e90bb3f0512
1,0xf5edc70fe1c69c730d974590bceac0c283d26e7ec985539ea753591f0b12c7a9,2419576,1670275800,0x98be5df6b15ae37d4bcd7556b1a1c6be533a6366,0xe7f1725e7734ce288f8367e1bb143e90bb3f0512,0,21332,1500000007,0,0xe7f1725e7734ce288f8367e1bb143e90bb3f0512
1,0x822e7b6b9aa1ecacec3e3cdb5c8fc710011b38b2df4e32f13d5a80a0d66450e2,2419577,1670275812,0x98be5df6b15ae37d4bcd7556b1a1c6be533a6366,0xe7f1725e7734ce288f8367e1bb143e90bb3f0512,0,21332,1500000007,0,0xe7f1725e7734ce288f8367e1bb143e90bb3f0512
1,0xf5f2f864f8eca968a80ff24227750c48035bbc1bb38f1f8eabb3efe886ffa4f9,2419582,1670275872,0x98be5df6b15ae37d4bcd7556b1a1c6be533a6366,0xe7f1725e7734ce288f8367e1bb143e90bb3f0512,0,21332,2425000007,0,0xe7f1725e7734ce288f8367e1bb143e90bb3f0512
1,0xb766ec280ce26f53b9ee362d5e340ce7010fc171553467625618f11b2e32911b,2419583,1670275908,0x98be5df6b15ae37d4bcd7556b1a1c6be533a6366,0xe7f1725e7734ce288f8367e1bb143e90bb3f0512,0,21332,2425000007,0,0xe7f1725e7734ce288f8367e1bb143e90bb3f0512
1,0x2db9fb739bba0c826f38137415d2163db3f9c98a2bd959a71889f2a9151ce837,2419583,1670275908,0x98be5df6b15ae37d4bcd7556b1a1c6be533a6366,0xe7f1725e7734ce288f8367e1bb143e90bb3f0512,0,21332,2425000007,0,0xe7f1725e7734ce288f8367e1bb143e90bb3f0512
1,0x0d6f36d83152dae33614d21768ec31f0641087601816df0d750fa973991b87c7,2433757,1670465232,0x51110b0e169a2b13fd068ac8afd1a3125188760b,0xe7f1725e7734ce288f8367e1bb143e90bb3f0512,0,22616,2822700007,0,0xe7f1725e7734ce288f8367e1bb143e90bb3f0512
1,0xcf40ca2c7dbad89c809f81591a8a644659d627c032b2478dcdd0e4e29ba0c27b,2434631,1670476212,0x7076cb0ea3f38dbf192084b971ec3825dc7daaa1,0xe7f1725e7734ce288f8367e1bb143e90bb3f0512,0,22616,2934250007,0,0xe7f1725e7734ce288f8367e1bb143e90bb3f0512
1,0xc0df1dc60ca3486c92972b8f5776c9b89dcc1939ff1061471db05684b229d0db,2434639,1670476320,0x7076cb0ea3f38dbf192084b971ec3825dc7daaa1,0xe7f1725e7734ce288f8367e1bb143e90bb3f0512,0,22616,2425000007,0,0xe7f1725e7734ce288f8367e1bb143e90bb3f0512
1,0x2794ac981460f50a9e04fb6e5c1117365cc4674c68da356c1794a92197181477,2480154,1671054828,0x87ef64aa97226cc21fc4c7e24c0d7546a1692024,0xe7f1725e7734ce288f8367e1bb143e90bb3f0512,0,24948,1940000007,0,0xe7f1725e7734ce288f8367e1bb143e90bb3f0512
1,0x81963c70ae245bbb42c0036984196a1ebdc840308b8758ad5b2d7dde3e89feae,2480201,1671055428,0x87ef64aa97226cc21fc4c7e24c0d7546a1692024,0xe7f1725e7734ce288f8367e1bb143e90bb3f0512,0,24948,1940000007,0,0xe7f1725e7734ce288f8367e1bb143e90bb3f0512
1,0x129e17c96354b305426a97e75b7232f7d9f449d333cc51dd2fb65adcf4b136f2,2480241,1671055932,0x87ef64aa97226cc21fc4c7e24c0d7546a1692024,0xe7f1725e7734ce288f8367e1bb143e90bb3f0512,0,24948,1500000007,0,0xe7f1725e7734ce288f8367e1bb143e90bb3f0512
1,0x0690cfc94059e87f2012fcf1c2a1808a469a7ec6fa18149178f59908694d6215,2480243,1671055956,0x87ef64aa97226cc21fc4c7e24c0d7546a1692024,0xe7f1725e7734ce288f8367e1bb143e90bb3f0512,0,24948,1500000007,0,0xe7f1725e7734ce288f8367e1bb143e90bb3f0512
1,0x6d759d0d4c1bb01ec699a4d5c8845d4a158d054f2a063a06f4dfcc91eb7213f0,2480246,1671055992,0x87ef64aa97226cc21fc4c7e24c0d7546a1692024,0xe7f1725e7734ce288f8367e1bb143e90bb3f0512,0,24948,1500000007,0,0xe7f1725e7734ce288f8367e1bb143e90bb3f0512
1,0x91385789a93fcdf81811a6312c68817d9981994bc136710904602ea927d426fa,2480248,1671056016,0x87ef64aa97226cc21fc4c7e24c0d7546a1692024,0xe7f1725e7734ce288f8367e1bb143e90bb3f0512,0,24948,1500000007,0,0xe7f1725e7734ce288f8367e1bb143e90bb3f0512
1,0x475cd6e1641bfff9a04407701a3104c1c98c77243cb157bf39481f58f1fa4dc0,2480250,1671056040,0x87ef64aa97226cc21fc4c7e24c0d7546a1692024,0xe7f1725e7734ce288f8367e1bb143e90bb3f0512,0,24948,1500000007,0,0xe7f1725e7734ce288f8367e1bb143e90bb3f0512
1,0xf8e81f436de343e2bbf13bd8b0f818dab44f2819b4d625a120b269b6a3bec4c0,2480250,1671056040,0x87ef64aa97226cc21fc4c7e24c0d7546a1692024,0xe7f1725e7734ce288f8367e1bb143e90bb3f0512,0,24948,1500000007,0,0xe7f1725e7734ce288f8367e1bb143e90bb3f0512
1,0xba5c14b62bd08edda1d4d7e47733894d460cacf3322ae1c14ea203d2f5508fba,2480258,1671056136,0x87ef64aa97226cc21fc4c7e24c0d7546a1692024,0xe7f1725e7734ce288f8367e1bb143e90bb3f0512,0,24948,1500000007,0,0xe7f1725e7734ce288f8367e1bb143e90bb3f0512
1,0xa5a9edcfd2801a3c3f5fb59b58abb1899e907d64859372119286d84b943b84e8,2480261,1671056172,0x87ef64aa97226cc21fc4c7e24c0d7546a1692024,0xe7f1725e7734ce288f8367e1bb143e90bb3f0512,0,24948,2425000007,0,0xe7f1725e7734ce288f8367e1bb143e90bb3f0512
1,0xd164f838747496c3af55a13cfeebaf8e632b9c6519e2568b9a2e6f37e8cff59b,2480266,1671056232,0x87ef64aa97226cc21fc4c7e24c0d7546a1692024,0xe7f1725e7734ce288f8367e1bb143e90bb3f0512,0,24948,1500000007,0,0xe7f1725e7734ce288f8367e1bb143e90bb3f0512
1,0x6b6e0dbb6b66c508a5d474340d5774f5c79cd28713f6fe9b4f91e18358467daa,2480374,1671057588,0x87ef64aa97226cc21fc4c7e24c0d7546a1692024,0xe7f1725e7734ce288f8367e1bb143e90bb3f0512,0,24948,1500000007,0,0xe7f1725e7734ce288f8367e1bb143e90bb3f0512
1,0x52133de1374c45b24b63067c73b5390b3d83cae4efcefd1552e94dcf5de790de,2480393,1671057816,0x87ef64aa97226cc21fc4c7e24c0d7546a1692024,0xe7f1725e7734ce288f8367e1bb143e90bb3f0512,0,24948,1500000007,0,0xe7f1725e7734ce288f8367e1bb143e90bb3f0512
1,0x5ce9ac9526fef93f2a4fbe3a914b0154ee6ff1dec1bc1ffe00c605446efa1f31,2480485,1671058944,0x87ef64aa97226cc21fc4c7e24c0d7546a1692024,0xe7f1725e7734ce288f8367e1bb143e90bb3f0512,0,24948,1500000007,0,0xe7f1725e7734ce288f8367e1bb143e90bb3f0512
1,0x5b855cf3dc658872ccd2790bc6a09a04c0f628b531d6512b7c518af141b944e3,2499633,1671304788,0xf39fd6e51aad88f6f4ce6ab8827279cfffb92266,0xe7f1725e7734ce288f8367e1bb143e90bb3f0512,0,21856,1500000007,0,0xe7f1725e7734ce288f8367e1bb143e90bb3f0512
1,0xe36d8a50925f68fc0374f6246440189aabad508a06f77c089836bf43578aeeb9,2588731,1672474128,0x3eda4fe2f1b78d7c90519ed545c18a1c0f41bfd3,0xe7f1725e7734ce288f8367e1bb143e90bb3f0512,1000000000000000,21064,1500000007,0,0xe7f1725e7734ce288f8367e1bb143e90bb3f0512
1,0xfbeb22d7d5884cc03809ffca83f5af50eed1e5f4f26af99ca5df6c3c41da4832,2588734,1672474164,0x3eda4fe2f1b78d7c90519ed545c18a1c0f41bfd3,0xe7f1725e7734ce288f8367e1bb143e90bb3f0512,100000000000000000,21064,1500000007,0,0xe7f1725e7734ce288f8367e1bb143e90bb3f0512
1,0x16cfd86cc7873516cc7f4fdac1b0a7274e4eb47654f5502409b6ac1b9f5a68b5,2588734,1672474164,0x3eda4fe2f1b78d7c90519ed545c18a1c0f41bfd3,0xe7f1725e7734ce288f8367e1bb143e90bb3f0512,0,21064,1500000007,0,0xe7f1725e7734ce288f8367e1bb143e90bb3f0512
1,0x349f89e9cbdfd791593b315b7e96e20fd4d76ebc76124bbd9c5bde0bdb4beb7c,2996661,1677631152,0xab59440519fdd2589894f56a4f2a7874529c7240,0xe7f1725e7734ce288f8367e1bb143e90bb3f0512,0,22344,1500000007,0,0xe7f1725e7734ce288f8367e1bb143e90bb3f0512
1,0xb405245772aceaaa364ba7a140ee34b3a0b95a48e6eba30075cc16b1178872b4,2996699,1677631620,0xab59440519fdd2589894f56a4f2a7874529c7240,0xe7f1725e7734ce288f8367e1bb143e90bb3f0512,0,22628,1500000007,0,0xe7f1725e7734ce288f8367e1bb143e90bb3f0512
1,0xc76c423c603a27d2327361f52de97e2966f9dcb4b6cf1591b74b1ae87d0d9ba3,3015829,1677870444,0xf39fd6e51aad88f6f4ce6ab8827279cfffb92266,0xe7f1725e7734ce288f8367e1bb143e90bb3f0512,0,22044,7157592375,0,0xe7f1725e7734ce288f8367e1bb143e90bb3f0512
1,0x15e0d17e72cffbf974c9536f877fcc11a4dbf108ff87a881ff5307a5c176ba07,3015837,1677870540,0xf39fd6e51aad88f6f4ce6ab8827279cfffb92266,0xe7f1725e7734ce288f8367e1bb143e90bb3f0512,0,22044,2352250007,0,0xe7f1725e7734ce288f8367e1bb143e90bb3f0512
1,0x47ee445efc2603dd029b1931a0697822ae6f1c2a874c21e391aebb2ceb503e3b,3015857,1677870792,0xf39fd6e51aad88f6f4ce6ab8827279cfffb92266,0xe7f1725e7734ce288f8367e1bb143e90bb3f0512,0,22044,7014440527,0,0xe7f1725e7734ce288f8367e1bb143e90bb3f0512
1,0x7a8ddd70c6b849fad03db98bc19fe082d2faa560073ce2d44c04ace1f79d59ea,3015890,1677871212,0xf39fd6e51aad88f6f4ce6ab8827279cfffb92266,0xe7f1725e7734ce288f8367e1bb143e90bb3f0512,0,22044,2425000007,0,0xe7f1725e7734ce288f8367e1bb143e90bb3f0512
1,0xadfdd526f0cd55b5589a84e4bc23768473ce12861af446e17a28efdfc55cf603,3015901,1677871356,0xf39fd6e51aad88f6f4ce6ab8827279cfffb92266,0xe7f1725e7734ce288f8367e1bb143e90bb3f0512,0,22044,2352250007,0,0xe7f1725e7734ce288f8367e1bb143e90bb3f0512
1,0x3f7aa3019da8cf73be98b32ae076e04afc76359ba568406b3ac1f4316df33c34,3080960,1678702056,0xd56225069a316e3b4e2c683cd25e81f583f2a4e0,0xe7f1725e7734ce288f8367e1bb143e90bb3f0512,100000000000000000,21064,1950122923,0,0xe7f1725e7734ce288f8367e1bb143e90bb3f0512
1,0x201fda8424744cf399af7cd4e4a00692190cbf75b7c6e13e4d1475dc3fbd1b5a,3080961,1678702068,0xd56225069a316e3b4e2c683cd25e81f583f2a4e0,0xe7f1725e7734ce288f8367e1bb143e90bb3f0512,0,21064,1950122923,0,0xe7f1725e7734ce288f8367e1bb143e90bb3f0512
1,0x8d21a58f6ccbd5d80e369bc578ecb6a0286a2f6bd2d78f52cbb41cda78995fe3,3080962,1678702080,0xd56225069a316e3b4e2c683cd25e81f583f2a4e0,0xe7f1725e7734ce288f8367e1bb143e90bb3f0512,0,21064,1950122923,0,0xe7f1725e7734ce288f8367e1bb143e90bb3f0512
1,0x28095e1cbc1a93f7244b9d55253afc4d52543dcd1b90441856c49212cc22e539,3080965,1678702116,0xd56225069a316e3b4e2c683cd25e81f583f2a4e0,0xe7f1725e7734ce288f8367e1bb143e90bb3f0512,0,21064,1950122923,0,0xe7f1725e7734ce288f8367e1bb143e90bb3f0512
1,0x4a692d86f0759f6dd65d2b7ea580048bc3916324bfdfb0b98246253021ede518,3092847,1678851384,0x1f90948b720875e5219217383e474bd825381bc9,0xe7f1725e7734ce288f8367e1bb143e90bb3f0512,100000000000000000,21064,2667500007,0,0xe7f1725e7734ce288f8367e1bb143e90bb3f0512
1,0xb1cb3982827e5b9aca4039af7783ffe61afb72653489ceb06c4a8ba1e2c5ddc6,3092848,1678851396,0x1f90948b720875e5219217383e474bd825381bc9,0xe7f1725e7734ce288f8367e1bb143e90bb3f0512,0,21064,2425000007,0,0xe7f1725e7734ce288f8367e1bb143e90bb3f0512
1,0x8d80e887350459e66f31c40133cdb5eaf1bab405cb7f57306dda8651ec89848b,3092850,1678851420,0x1f90948b720875e5219217383e474bd825381bc9,0xe7f1725e7734ce288f8367e1bb143e90bb3f0512,0,21064,2667500007,0,0xe7f1725e7734ce288f8367e1bb143e90bb3f0512
1,0xd178b3cf7a4e26c127a3e0db3f2534cbf04ef5a42e40e08a4c65fa7bdb32b936,3092855,1678851480,0x1f90948b720875e5219217383e474bd825381bc9,0xe7f1725e7734ce288f8367e1bb143e90bb3f0512,0,21064,2667500007,0,0xe7f1725e7734ce288f8367e1bb143e90bb3f0512
1,0x6f22878a2697d82a5ac73b55ca0a1139bfe20274b57790b7ebf8a1dc79cd9db8,3092885,1678851852,0x1f90948b720875e5219217383e474bd825381bc9,0xe7f1725e7734ce288f8367e1bb143e90bb3f0512,0,21064,2667500007,0,0xe7f1725e7734ce288f8367e1bb143e90bb3f0512
1,0xc618f15e3578d5eddf12472d326bfc192220ab968c0abb21a89a6c1f84ef8577,3092889,1678851900,0x1f90948b720875e5219217383e474bd825381bc9,0xe7f1725e7734ce288f8367e1bb143e90bb3f0512,1000000000000000000,21064,4850000000,0,0xe7f1725e7734ce288f8367e1bb143e90bb3f0512
1,0x7b273c557b5cda2c2e8e209264c431491fd1595c0fc21c820d637d8a117cf423,3092892,1678851936,0x1f90948b720875e5219217383e474bd825381bc9,0xe7f1725e7734ce288f8367e1bb143e90bb3f0512,0,21064,4704500000,0,0xe7f1725e7734ce288f8367e1bb143e90bb3f0512
1,0x2d8f1002b54a642853b0c20d8f117a07910f8a47c7ab4e536963db26829de5b1,3092936,1678852488,0x1f90948b720875e5219217383e474bd825381bc9,0xe7f1725e7734ce288f8367e1bb143e90bb3f0512,0,21064,4850000000,0,0xe7f1725e7734ce288f8367e1bb143e90bb3f0512
1,0x4606283fa1c729b95d7213beb4f5c21a7aec5d88dba800973fa1d783585393c3,3092942,1678852560,0x1f90948b720875e5219217383e474bd825381bc9,0xe7f1725e7734ce288f8367e1bb143e90bb3f0512,10000000000000000,21064,4850000000,0,0xe7f1725e7734ce288f8367e1bb143e90bb3f0512
1,0x6bb61ddb6dde0e3b118e8cd0e26e673156ba7298122be72b6808f7666fe937e6,3093951,1678865196,0x9bbdc83e0f9f55adde3c3bb5d4ef462625c9c8c1,0xe7f1725e7734ce288f8367e1bb143e90bb3f0512,0,21064,2425000007,0,0xe7f1725e7734ce288f8367e1bb143e90bb3f0512
1,0x3a8e4a9336949bdaac30deb8aa61cd3b8b497a5b8574b23c920e28c2b1982a1e,3122134,1679231496,0xb940c74aa0a671ddbb993df7c5b88bb8a4143210,0xe7f1725e7734ce288f8367e1bb143e90bb3f0512,1000000000000000,21064,2425000007,0,0xe7f1725e7734ce288f8367e1bb143e90bb3f0512
1,0xf9e3343a0248f8859a536db5c26a5170e65a57e4221cc0489d82f3ca398c1060,3122136,1679231532,0xb940c74aa0a671ddbb993df7c5b88bb8a4143210,0xe7f1725e7734ce288f8367e1bb143e90bb3f0512,0,21064,2425000007,0,0xe7f1725e7734ce288f8367e1bb143e90bb3f0512
1,0x3646128c3c6f9c7d400a3b84bfc7cbec6142b8dc73e7c19f92b4e4bc36545523,3122196,1679232324,0xb940c74aa0a671ddbb993df7c5b88bb8a4143210,0xe7f1725e7734ce288f8367e1bb143e90bb3f0512,1000000000000000,21064,1881800007,0,0xe7f1725e7734ce288f8367e1bb143e90bb3f0512
1,0x075c7955334bcb8a5bdf119635d43d7b24325884b5f90288a87167194a872042,3155931,1679687880,0xc0d09be6392262805014919393ea249fb8571a84,0xe7f1725e7734ce288f8367e1bb143e90bb3f0512,0,22808,1500000010,0,0xe7f1725e7734ce288f8367e1bb143e90bb3f0512
1,0xee9fbf0eb2549fe94d654db8a8fcac68069e39a909ede37a36a37dccd033f9a2,3166300,1679824512,0x0d4ce3f6a4395c54ca9ae8fed7528bef638b05fc,0xe7f1725e7734ce288f8367e1bb143e90bb3f0512,1000000000000000000,21064,1500000008,0,0xe7f1725e7734ce288f8367e1bb143e90bb3f0512
1,0x204062124c54dd9063285145460a9c02d0fd46f03e1b668c1f187229d8bcb2f6,3167041,1679834580,0xf39fd6e51aad88f6f4ce6ab8827279cfffb92266,0xe7f1725e7734ce288f8367e1bb143e90bb3f0512,0,21064,1500000010,0,0xe7f1725e7734ce288f8367e1bb143e90bb3f0512
1,0x49521b7b3a604c4c6b1f8b983145d97c93acc863cd4b46307fc5eed606a72e1e,3172318,1679905632,0x8f458c63e172f3d295c6ce144597438c0046d882,0xe7f1725e7734ce288f8367e1bb143e90bb3f0512,0,22192,1500000174,0,0xe7f1725e7734ce288f8367e1bb143e90bb3f0512
1,0x6e3f629f509408378a27ee0bdc6c257745ec8144a70267bef5cea64e83453ffc,3172327,1679905752,0x8f458c63e172f3d295c6ce144597438c0046d882,0xe7f1725e7734ce288f8367e1bb143e90bb3f0512,0,22192,1500000169,0,0xe7f1725e7734ce288f8367e1bb143e90bb3f0512
1,0x9cf0a2c1d586f910ab0bf4bd8b2d976d60d11c39e0c08547ce90f929606d64a2,3173641,1679923116,0x6b745bb12b5ce396af3058313c94303741c87e21,0xe7f1725e7734ce288f8367e1bb143e90bb3f0512,0,21192,1500000038,0,0xe7f1725e7734ce288f8367e1bb143e90bb3f0512
1,0xfd1b4439003ad943dc48a3b170070ca667458395d3f204c23f99d158547ee8ab,3173653,1679923284,0x6b745bb12b5ce396af3058313c94303741c87e21,0xe7f1725e7734ce288f8367e1bb143e90bb3f0512,0,21192,1500000035,0,0xe7f1725e7734ce288f8367e1bb143e90bb3f0512
1,0xbf9a028414d1059a54c9c790775d58df3a6e713def903e0cea89d6e072e5cafa,3173698,1679923860,0x6b745bb12b5ce396af3058313c94303741c87e21,0xe7f1725e7734ce288f8367e1bb143e90bb3f0512,0,21192,1500000031,0,0xe7f1725e7734ce288f8367e1bb143e90bb3f0512
1,0xa4025faa617167a094aba21b2ad52ef1df4e0c8d48d2bfd5bfe1211d697f7d75,3173698,1679923860,0x6b745bb12b5ce396af3058313c94303741c87e21,0xe7f1725e7734ce288f8367e1bb143e90bb3f0512,0,21192,1500000031,0,0xe7f1725e7734ce288f8367e1bb143e90bb3f0512
1,0x9d3051420891138d813a64f5b03bfb091e8b26ff8dfcd9834d2231cddf7fbf63,3178641,1679989008,0x9bfabe6f195612f523601a5eb76b60aaedded6ee,0xe7f1725e7734ce288f8367e1bb143e90bb3f0512,0,23300,1500000010,0,0xe7f1725e7734ce288f8367e1bb143e90bb3f0512
1,0xe5a13956b823cf4143e740566dd1489a543ce98426415995693d581b2e467cf9,3194780,1680203556,0x70c8ebda2e50cb05f55219586b13140598bd1b8f,0xe7f1725e7734ce288f8367e1bb143e90bb3f0512,0,22688,1500000008,0,0xe7f1725e7734ce288f8367e1bb143e90bb3f0512
1,0xa306577146308c316c6970461962367375819df80a21cb39b649e67ad3580248,3207293,1680370896,0x50974dbfb2fb4340651d0c43aedb7e712cc063b8,0xe7f1725e7734ce288f8367e1bb143e90bb3f0512,0,21192,1500000008,0,0xe7f1725e7734ce288f8367e1bb143e90bb3f0512
1,0x15744ff197f45c87663f8c9e6af7c556d8f0f3367b49f79b1956a105fec96ae0,3207294,1680370920,0x50974dbfb2fb4340651d0c43aedb7e712cc063b8,0xe7f1725e7734ce288f8367e1bb143e90bb3f0512,0,21192,1500000008,0,0xe7f1725e7734ce288f8367e1bb143e90bb3f0512
1,0xbbc346337ef0b9cc184df0f1cb73976545938182baeac02c95bf0d79de0216d7,3207296,1680370944,0x50974dbfb2fb4340651d0c43aedb7e712cc063b8,0xe7f1725e7734ce288f8367e1bb143e90bb3f0512,0,21192,1500000008,0,0xe7f1725e7734ce288f8367e1bb143e90bb3f0512
1,0x90c6a8f46f6a95de338b2586c8cdb531ffcc965b21cf87e7eebd9c5ab41cd47d,3207302,1680371028,0x50974dbfb2fb4340651d0c43aedb7e712cc063b8,0xe7f1725e7734ce288f8367e1bb143e90bb3f0512,0,21192,1500000008,0,0xe7f1725e7734ce288f8367e1bb143e90bb3f0512
1,0xa43ccba5815dc9738914a8f6e2f7dd0d908e26a8b8f53bca812ac605bbf81d9d,3207309,1680371124,0x50974dbfb2fb4340651d0c43aedb7e712cc063b8,0xe7f1725e7734ce288f8367e1bb143e90bb3f0512,0,21192,1500000008,0,0xe7f1725e7734ce288f8367e1bb143e90bb3f0512
1,0x201a9aa7882a82a97babf52e1633e3a66bd3b453ee7eaea4304ee2f6450f124b,3207318,1680371244,0x50974dbfb2fb4340651d0c43aedb7e712cc063b8,0xe7f1725e7734ce288f8367e1bb143e90bb3f0512,0,21192,1500000008,0,0xe7f1725e7734ce288f8367e1bb143e90bb3f0512
1,0x9e75e1c12d597321bd326d03a8d5446c0a99f5976d0d90152dd778306fbe7587,3209858,1680406332,0x50974dbfb2fb4340651d0c43aedb7e712cc063b8,0xe7f1725e7734ce288f8367e1bb143e90bb3f0512,0,21192,1500000007,0,0xe7f1725e7734ce288f8367e1bb143e90bb3f0512
1,0xbeb5723b9eec4b037437b9742498ef06bb45395d34335658561eb7df73d29085,3209903,1680406968,0x50974dbfb2fb4340651d0c43aedb7e712cc063b8,0xe7f1725e7734ce288f8367e1bb143e90bb3f0512,0,21192,1500000007,0,0xe7f1725e7734ce288f8367e1bb143e90bb3f0512
1,0xc5e2f9bdaaeb4481a2f47575295d3fbb543e07c3eef7d17384bf66abde4a2c8a,3210019,1680408432,0xd632252e45e86007b4bb8a02a2e996cc446ed432,0xe7f1725e7734ce288f8367e1bb143e90bb3f0512,0,21180,2500000007,0,0xe7f1725e7734ce288f8367e1bb143e90bb3f0512
1,0x1e33517731f6882fd4021dcb85550022bbf755cf56230d7ac68e5c2b6608faa0,3210020,1680408444,0xd632252e45e86007b4bb8a02a2e996cc446ed432,0xe7f1725e7734ce288f8367e1bb143e90bb3f0512,0,21192,2500000007,0,0xe7f1725e7734ce288f8367e1bb143e90bb3f0512
1,0x94b05b9679de8a9505d8a5a98f3d3cc69e65fa575eb37fa8c207bb5ce0de2bba,3210027,1680408528,0xd632252e45e86007b4bb8a02a2e996cc446ed432,0xe7f1725e7734ce288f8367e1bb143e90bb3f0512,0,21192,2500000007,0,0xe7f1725e7734ce288f8367e1bb143e90bb3f0512
1,0xd61c78c2df5e3766fb3da188f35e700c897ea78be7b0632833db24f2485ab1aa,3210029,1680408552,0xd632252e45e86007b4bb8a02a2e996cc446ed432,0xe7f1725e7734ce288f8367e1bb143e90bb3f0512,0,21064,2500000007,0,0xe7f1725e7734ce288f8367e1bb143e90bb3f0512
1,0x5cfbfaa02752a0583d41fd5231c4495a968dfd01bb4044aa20c6eced1f959fcb,3210030,1680408564,0xd632252e45e86007b4bb8a02a2e996cc446ed432,0xe7f1725e7734ce288f8367e1bb143e90bb3f0512,0,21064,2500000007,0,0xe7f1725e7734ce288f8367e1bb143e90bb3f0512
1,0x38b4d7143214f16e4f1d9ecc0e89b54057e4844a1150a6a68b6d83ce512a97ea,3210035,1680408636,0xd632252e45e86007b4bb8a02a2e996cc446ed432,0xe7f1725e7734ce288f8367e1bb143e90bb3f0512,0,21192,2500000007,0,0xe7f1725e7734ce288f8367e1bb143e90bb3f0512
1,0xffb837847ddf8b75cf505e52c91c25a1a2e51313cf7a8b3469a92073de266080,3210036,1680408648,0xd632252e45e86007b4bb8a02a2e996cc446ed432,0xe7f1725e7734ce288f8367e1bb143e90bb3f0512,0,21204,2500000007,0,0xe7f1725e7734ce288f8367e1bb143e90bb3f0512
1,0xefaebe93055fef20b5f3d7d2b7ed70db59652194a3b8d0271ed7ae9dd0504da7,3210037,1680408660,0xd632252e45e86007b4bb8a02a2e996cc446ed432,0xe7f1725e7734ce288f8367e1bb143e90bb3f0512,0,21344,2500000007,0,0xe7f1725e7734ce288f8367e1bb143e90bb3f0512
1,0x6d7be9471f1b979e5f26423e66395b7984760c79d2971cefc93ed0510ffc639c,3216931,1680499836,0x927c8d6deac7d946c82c29b1db22fac5e5879414,0xe7f1725e7734ce288f8367e1bb143e90bb3f0512,100000000000000000,21064,1500000008,0,0xe7f1725e7734ce288f8367e1bb143e90bb3f0512
1,0x74241d51a965e824be64a3bc777a6fabb12ace1f1e83bb3ed11ee0e5df34476a,3224390,1680600612,0xce4d444cda9fc23d37cbe26eda2c09f441f8eb5f,0xe7f1725e7734ce288f8367e1bb143e90bb3f0512,100000000000000000,21064,1500000010,0,0xe7f1725e7734ce288f8367e1bb143e90bb3f0512
1,0x22c9215c7f19a66473ffc360d63f59eeddcd0f94dba65592c3faf4a7a920489e,3224417,1680600960,0xce4d444cda9fc23d37cbe26eda2c09f441f8eb5f,0xe7f1725e7734ce288f8367e1bb143e90bb3f0512,100000000000000000,21064,1500000009,0,0xe7f1725e7734ce288f8367e1bb143e90bb3f0512
1,0xd9fa420d34528ebf07e688796cb7c04500b4f90d0ebb9541b7d30c44f9211cd5,3225131,1680610596,0x08424410df68136990cb92f61f70d1a5f6900bdf,0xe7f1725e7734ce288f8367e1bb143e90bb3f0512,0,22844,1500000008,0,0xe7f1725e7734ce288f8367e1bb143e90bb3f0512
1,0xe651840c6ab2c4327d1559f0b3a231790ecdb8bf5d65c23a72d3bf576ee9ab08,3225167,1680611124,0x08424410df68136990cb92f61f70d1a5f6900bdf,0xe7f1725e7734ce288f8367e1bb143e90bb3f0512,0,22844,1500000008,0,0xe7f1725e7734ce288f8367e1bb143e90bb3f0512
1,0x5ab6116a9de2b5cd4fc66b7c526efcd7378e9bddac0b7fce226f0c40387d72cc,3226619,1680630924,0xce4d444cda9fc23d37cbe26eda2c09f441f8eb5f,0xe7f1725e7734ce288f8367e1bb143e90bb3f0512,300000000000000000,21064,1500000008,0,0xe7f1725e7734ce288f8367e1bb143e90bb3f0512
1,0xd6219fa5843ce714639ec974ed91b6440f8c02bb1ec83be6e56ecc1dd115b751,3226633,1680631092,0xce4d444cda9fc23d37cbe26eda2c09f441f8eb5f,0xe7f1725e7734ce288f8367e1bb143e90bb3f0512,0,21064,1500000008,0,0xe7f1725e7734ce288f8367e1bb143e90bb3f0512
1,0x27624e928567be8c1d67ef93457b8886b4102be6b9bff21f8ba01ecc92e76124,3226641,1680631188,0xce4d444cda9fc23d37cbe26eda2c09f441f8eb5f,0xe7f1725e7734ce288f8367e1bb143e90bb3f0512,0,21064,1500000008,0,0xe7f1725e7734ce288f8367e1bb143e90bb3f0512
1,0x5916db2c4d115109b0c5599cd9112905af25a24095a4a333517df41fb6ee3daa,3226651,1680631332,0xce4d444cda9fc23d37cbe26eda2c09f441f8eb5f,0xe7f1725e7734ce288f8367e1bb143e90bb3f0512,300000000000000000,21064,1500000008,0,0xe7f1725e7734ce288f8367e1bb143e90bb3f0512
1,0x884b924962add76bd3426f094d2d443a411fcc5c78e762c6a64f7990e80523e8,3226673,1680631596,0xb79b93ccd196211478637b4ba001cfbcf987269d,0xe7f1725e7734ce288f8367e1bb143e90bb3f0512,0,21064,1500000008,0,0xe7f1725e7734ce288f8367e1bb143e90bb3f0512
1,0x83631a84c873b12e4b1d375b2758a0fdc8e12d3e3a5f96e9b0f336904da2972b,3226679,1680631668,0xb79b93ccd196211478637b4ba001cfbcf987269d,0xe7f1725e7734ce288f8367e1bb143e90bb3f0512,300000000000000000,21064,1500000008,0,0xe7f1725e7734ce288f8367e1bb143e90bb3f0512
1,0x1e2048293c7adcb62310722aef4792a9aaad750366559da44e979e35e1f354fa,3226682,1680631704,0xb79b93ccd196211478637b4ba001cfbcf987269d,0xe7f1725e7734ce288f8367e1bb143e90bb3f0512,0,21064,1500000008,0,0xe7f1725e7734ce288f8367e1bb143e90bb3f0512
1,0xa7d34b51df38b984d1572aa15a8b9cd5455b75c8d1cf80d9195cc60c8197b5da,3226687,1680631764,0xce4d444cda9fc23d37cbe26eda2c09f441f8eb5f,0xe7f1725e7734ce288f8367e1bb143e90bb3f0512,0,21064,1500000008,0,0xe7f1725e7734ce288f8367e1bb143e90bb3f0512
1,0x3425b6130b3c9d06b803e5944f8f7b2373269792d7645bdb669737e4e79330ae,3226729,1680632340,0xce4d444cda9fc23d37cbe26eda2c09f441f8eb5f,0xe7f1725e7734ce288f8367e1bb143e90bb3f0512,0,21064,1500000008,0,0xe7f1725e7734ce288f8367e1bb143e90bb3f0512
1,0xb1f4098b354c4f6d2f1481b336a2d85f32bec30fb3335acc6f287c204375b372,11581754,1787882184,0xdc30f221cf496e37e21da5f9381e856e4ca0e464,0xd98b9cc1f3a8db4e2a24768e56b240deebac5e34,0,38974,2649465819,0,0xd98b9cc1f3a8db4e2a24768e56b240deebac5e34
1,0x0d90a56064f5e8bb09b3dbe18b3f8c33e551952c825f0ea3a3046fac595b2064,8187615,1745519388,0x551ff9d6fd084f11f7b5ded85c476a7653e53f89,0xdb9b1e94b5b69df7e401ddbede43491141047db3,0,56014,6807462620,0,0xdb9b1e94b5b69df7e401ddbede43491141047db3
1,0xc4764f8ee07b63cf22c6f3dc7a87bc62ef5a80a1ec0552668f4e4a5176152894,8194353,1745605464,0x3509f844871a3fdc62d3f3570b784a584f2ce885,0xdb9b1e94b5b69df7e401ddbede43491141047db3,0,56014,11781267500,0,0xdb9b1e94b5b69df7e401ddbede43491141047db3
1,0x5a58d797da31f4ebcd8759327534a7dc96b9fafc52dfcbffa211d1c872d33aa3,8242518,1746217620,0x8b574524f96ba47d8500ac50b9776c64e1018e29,0xdb9b1e94b5b69df7e401ddbede43491141047db3,0,56038,3638455295,0,0xdb9b1e94b5b69df7e401ddbede43491141047db3
1,0x98f93ae21c6d5ae74769755a6107f3ef8e7b9d479fdb394390c1aa5a98310820,8242520,1746217644,0x8b574524f96ba47d8500ac50b9776c64e1018e29,0xdb9b1e94b5b69df7e401ddbede43491141047db3,0,56026,3596645600,0,0xdb9b1e94b5b69df7e401ddbede43491141047db3
1,0xff2411a375ebde83c7802b75b8c763c6db4e4aa00c6cd7f24863cea5f80e8523,8242687,1746219660,0x8b574524f96ba47d8500ac50b9776c64e1018e29,0xdb9b1e94b5b69df7e401ddbede43491141047db3,0,56038,1739891416,0,0xdb9b1e94b5b69df7e401ddbede43491141047db3
1,0xa7509ef83f5da437c038fe83ed8f9e3bc235314058812a7f42c2fe297d66de0b,8242691,1746219708,0x8b574524f96ba47d8500ac50b9776c64e1018e29,0xdb9b1e94b5b69df7e401ddbede43491141047db3,0,56038,1893395051,0,0xdb9b1e94b5b69df7e401ddbede43491141047db3
1,0xd870792bdaed18c92820014a09dfc6be9fecab0f6068ffd7390056b404186fb8,8242701,1746219828,0x8b574524f96ba47d8500ac50b9776c64e1018e29,0xdb9b1e94b5b69df7e401ddbede43491141047db3,0,29458,1699148882,1,0xdb9b1e94b5b69df7e401ddbede43491141047db3
1,0x16438be86acc9817af9112ab0e5f28b21c5d720b723257d8547eca4eaa13ec96,8242704,1746219864,0x8b574524f96ba47d8500ac50b9776c64e1018e29,0xdb9b1e94b5b69df7e401ddbede43491141047db3,0,29458,1696424715,1,0xdb9b1e94b5b69df7e401ddbede43491141047db3
1,0x1ddb16c116f7e8747d45d4699fecf790307dd1ef67ff412e8dfcf784a0a75efe,8242711,1746219948,0x8b574524f96ba47d8500ac50b9776c64e1018e29,0xdb9b1e94b5b69df7e401ddbede43491141047db3,0,56038,1683093314,0,0xdb9b1e94b5b69df7e401ddbede43491141047db3
1,0xf83fb4259d6b3f1fda970f2bd25e0739890a56c34af3be2d54b0b21dbf927402,8242742,1746220320,0x8b574524f96ba47d8500ac50b9776c64e1018e29,0xdb9b1e94b5b69df7e401ddbede43491141047db3,0,56050,1650048156,0,0xdb9b1e94b5b69df7e401ddbede43491141047db3
1,0x879da53336b27fb625a66b34894c72b4fdb4c05a83305aad6e9f833d65203ebf,8242743,1746220332,0x8b574524f96ba47d8500ac50b9776c64e1018e29,0xdb9b1e94b5b69df7e401ddbede43491141047db3,0,56050,1667861090,0,0xdb9b1e94b5b69df7e401ddbede43491141047db3
1,0x73a081118a75a42d00499f635b56ea500f3d036f344b73eff2e773b86b2062ea,8262071,1746461916,0x8b574524f96ba47d8500ac50b9776c64e1018e29,0xdb9b1e94b5b69df7e401ddbede43491141047db3,0,56050,3117312957,0,0xdb9b1e94b5b69df7e401ddbede43491141047db3
1,0x9303602cd5ca71d8f932a398eab5b7dc5195d1ed9b919a82de2f07c17bcf3fad,8262072,1746461928,0x8b574524f96ba47d8500ac50b9776c64e1018e29,0xdb9b1e94b5b69df7e401ddbede43491141047db3,0,56050,3319376604,0,0xdb9b1e94b5b69df7e401ddbede43491141047db3
1,0xc55d03065c42f8be58483cee8a97e8cb1e89cfe825085d2459be1d8e6ef12a91,8262075,1746461964,0x8b574524f96ba47d8500ac50b9776c64e1018e29,0xdb9b1e94b5b69df7e401ddbede43491141047db3,0,56050,3413526457,0,0xdb9b1e94b5b69df7e401ddbede43491141047db3
1,0xcb0cbc9ccdbb71839e61f1d41869263bc53ddfd6f57edba2c2ddc0cc47234bd0,8262371,1746465612,0x8b574524f96ba47d8500ac50b9776c64e1018e29,0xdb9b1e94b5b69df7e401ddbede43491141047db3,0,56038,6929131098,0,0xdb9b1e94b5b69df7e401ddbede43491141047db3
1,0x12c95802264b7b45825f169f45a639666ba54ace8aa62f5ab34962a975fabd1c,8269717,1746555504,0x8b574524f96ba47d8500ac50b9776c64e1018e29,0xdb9b1e94b5b69df7e401ddbede43491141047db3,0,56038,4942351814,0,0xdb9b1e94b5b69df7e401ddbede43491141047db3
1,0x4dc58da5d14653067ce17aa36e0f266a27643b7b572622a65f40f45c5ba55939,8269722,1746555564,0x8b574524f96ba47d8500ac50b9776c64e1018e29,0xdb9b1e94b5b69df7e401ddbede43491141047db3,0,56050,4639348721,0,0xdb9b1e94b5b69df7e401ddbede43491141047db3
1,0x1b4db890a3a085929217fa8bf115cdb8d4e7c19168d347cdfb4f208094de68b7,8269727,1746555624,0x8b574524f96ba47d8500ac50b9776c64e1018e29,0xdb9b1e94b5b69df7e401ddbede43491141047db3,0,56038,4764901860,0,0xdb9b1e94b5b69df7e401ddbede43491141047db3
1,0x733c26ece00caa51188274f9dd00d415217bbcb1cb4215e8bcbfaad1845f28e4,8269731,1746555672,0x8b574524f96ba47d8500ac50b9776c64e1018e29,0xdb9b1e94b5b69df7e401ddbede43491141047db3,0,56038,4889580014,0,0xdb9b1e94b5b69df7e401ddbede43491141047db3
1,0x897b471e20b75429457346a5ebefb88fea063d44f88f45968dd1adf826add79d,8269740,1746555780,0x8b574524f96ba47d8500ac50b9776c64e1018e29,0xdb9b1e94b5b69df7e401ddbede43491141047db3,0,56038,4843950875,0,0xdb9b1e94b5b69df7e401ddbede43491141047db3
1,0xffa6538e88a899a68669cc2ed1088185de326a6431c22befcc4e4d6e5ed6c014,8269780,1746556272,0x8b574524f96ba47d8500ac50b9776c64e1018e29,0xdb9b1e94b5b69df7e401ddbede43491141047db3,0,56050,4175795111,0,0xdb9b1e94b5b69df7e401ddbede43491141047db3
1,0x56ef6d6a1a872e3112cde953e42f71a02d51cd0f344afe6124f1f3f10f0c28f0,8269805,1746556584,0x8b574524f96ba47d8500ac50b9776c64e1018e29,0xdb9b1e94b5b69df7e401ddbede43491141047db3,0,56038,3751619851,0,0xdb9b1e94b5b69df7e401ddbede43491141047db3
1,0xf2c328a9fe2a0f5a9c43cce2b2829cb2d4b90b289a878bd4567bea7652b12ce3,8269813,1746556680,0x8b574524f96ba47d8500ac50b9776c64e1018e29,0xdb9b1e94b5b69df7e401ddbede43491141047db3,0,56026,3399701674,0,0xdb9b1e94b5b69df7e401ddbede43491141047db3
1,0x4b81723156a64bdcc9fc8d5e3508a72e761c82559596150d35e503710012afae,8269862,1746557268,0x8b574524f96ba47d8500ac50b9776c64e1018e29,0xdb9b1e94b5b69df7e401ddbede43491141047db3,0,56038,2658776220,0,0xdb9b1e94b5b69df7e401ddbede43491141047db3
1,0x264ed7edbc7f90fdee6e2982f67e4776f68fa4debbc3ccb775c9a6ce443b132d,8269865,1746557304,0x8b574524f96ba47d8500ac50b9776c64e1018e29,0xdb9b1e94b5b69df7e401ddbede43491141047db3,0,56038,2591959700,0,0xdb9b1e94b5b69df7e401ddbede43491141047db3
1,0xbbaf874158b88ca3a711255187baf80c9323898dae2aba91bf331a87446b4f30,8269868,1746557340,0x8b574524f96ba47d8500ac50b9776c64e1018e29,0xdb9b1e94b5b69df7e401ddbede43491141047db3,0,56038,2520117957,0,0xdb9b1e94b5b69df7e401ddbede43491141047db3
1,0x481ed00aeceb6f424b8c9d65f56916f57f6a377a5e8b2373c7c81693007a4d5f,8269979,1746558708,0x8b574524f96ba47d8500ac50b9776c64e1018e29,0xdb9b1e94b5b69df7e401ddbede43491141047db3,0,56038,1779927089,0,0xdb9b1e94b5b69df7e401ddbede43491141047db3
1,0x8e91db2aaf347c25a76205fffd49791b0e44adfa5b91bdfa6ee95f477b905236,8270014,1746559140,0x8b574524f96ba47d8500ac50b9776c64e1018e29,0xdb9b1e94b5b69df7e401ddbede43491141047db3,0,56026,1701476300,0,0xdb9b1e94b5b69df7e401ddbede43491141047db3
1,0x0f1ffcdb8825f9d9c7a1b06098b4d8f4c7c6add337443679fe729927fd8d2000,8270016,1746559164,0x8b574524f96ba47d8500ac50b9776c64e1018e29,0xdb9b1e94b5b69df7e401ddbede43491141047db3,0,56038,1702061103,0,0xdb9b1e94b5b69df7e401ddbede43491141047db3
1,0xfb294f9a16e9446b8e5e1995108a87215e2f120035020bb69a71519ebb329c1e,8270019,1746559200,0x8b574524f96ba47d8500ac50b9776c64e1018e29,0xdb9b1e94b5b69df7e401ddbede43491141047db3,0,56026,1704751663,0,0xdb9b1e94b5b69df7e401ddbede43491141047db3
1,0xbff13a3fa5502a5553f37d3307d69da1a0d184f7efa774d621e4e2da64fbab60,8270040,1746559464,0x8b574524f96ba47d8500ac50b9776c64e1018e29,0xdb9b1e94b5b69df7e401ddbede43491141047db3,0,56038,1637632750,0,0xdb9b1e94b5b69df7e401ddbede43491141047db3
1,0x83f6d98212140478310fab73e7694f6bc5041a4be095ea14826c06949e583e7c,8270042,1746559488,0x8b574524f96ba47d8500ac50b9776c64e1018e29,0xdb9b1e94b5b69df7e401ddbede43491141047db3,0,56038,1630330871,0,0xdb9b1e94b5b69df7e401ddbede43491141047db3
1,0x9c1a75285985e2e2df8381537177a8ff324a83f9d5628a93e7e4897ac3aebc2f,8270044,1746559512,0x8b574524f96ba47d8500ac50b9776c64e1018e29,0xdb9b1e94b5b69df7e401ddbede43491141047db3,0,56026,1629667720,0,0xdb9b1e94b5b69df7e401ddbede43491141047db3
1,0x07feaeda2e291b85c6ed36c4a46049afd77e16e1b5b10c373b2a40550e1f555a,8270182,1746561192,0x8b574524f96ba47d8500ac50b9776c64e1018e29,0xdb9b1e94b5b69df7e401ddbede43491141047db3,0,56026,1529801075,0,0xdb9b1e94b5b69df7e401ddbede43491141047db3
1,0x10a1b44d2f0341e835235fc05426a9794953d489442c2885b2324f365f3ab287,8270184,1746561216,0x8b574524f96ba47d8500ac50b9776c64e1018e29,0xdb9b1e94b5b69df7e401ddbede43491141047db3,0,56038,1527049416,0,0xdb9b1e94b5b69df7e401ddbede43491141047db3
1,0xf421f0e99fe424aa24f84c9f8e36fe9b188f7869ca52930ea70dfdb41c433ab9,8270190,1746561288,0x8b574524f96ba47d8500ac50b9776c64e1018e29,0xdb9b1e94b5b69df7e401ddbede43491141047db3,0,56038,1527715357,0,0xdb9b1e94b5b69df7e401ddbede43491141047db3
1,0x043082ec9b556d00a9e0bc9e1ed310b4a3bd70be2b9a95bec8115349860cd931,8270195,1746561348,0x8b574524f96ba47d8500ac50b9776c64e1018e29,0xdb9b1e94b5b69df7e401ddbede43491141047db3,0,56038,1674023711,0,0xdb9b1e94b5b69df7e401ddbede43491141047db3
1,0x4a2e10305f4c8656b7e1cf7f1992be73bcb087231c371462b259e0fe21da5fb2,8270213,1746561564,0x8b574524f96ba47d8500ac50b9776c64e1018e29,0xdb9b1e94b5b69df7e401ddbede43491141047db3,0,29458,1516951035,1,0xdb9b1e94b5b69df7e401ddbede43491141047db3
1,0x581420bc311c3053462e9d8704003ebbe06a29508f78b65183459ceb98c20e0f,8270274,1746562308,0x8b574524f96ba47d8500ac50b9776c64e1018e29,0xdb9b1e94b5b69df7e401ddbede43491141047db3,0,29458,1506246869,1,0xdb9b1e94b5b69df7e401ddbede43491141047db3
1,0xcc86397ff0bdbf1025f743426b32cb3104a276f5ff888a1201fe14f1a0239bae,8270290,1746562500,0x8b574524f96ba47d8500ac50b9776c64e1018e29,0xdb9b1e94b5b69df7e401ddbede43491141047db3,0,56014,1503211110,0,0xdb9b1e94b5b69df7e401ddbede43491141047db3
1,0xe3000351d84f4bc27d561b6ba2ae4f8e6e3478b2d95c769989f735813d6da546,8270343,1746563136,0x8b574524f96ba47d8500ac50b9776c64e1018e29,0xdb9b1e94b5b69df7e401ddbede43491141047db3,0,56014,1500908596,0,0xdb9b1e94b5b69df7e401ddbede43491141047db3
1,0x72526fcd0ca83dbbffa8c10cbfa9d1e65794865245dd2d39c629924354cb3978,8270346,1746563172,0x8b574524f96ba47d8500ac50b9776c64e1018e29,0xdb9b1e94b5b69df7e401ddbede43491141047db3,0,56038,1500845020,0,0xdb9b1e94b5b69df7e401ddbede43491141047db3
1,0x14aa8852095dea9a90c7e835d532201cf3d59bfdd8cd2afae06fc1ceeabc5948,8270348,1746563196,0x8b574524f96ba47d8500ac50b9776c64e1018e29,0xdb9b1e94b5b69df7e401ddbede43491141047db3,0,56038,1500913131,0,0xdb9b1e94b5b69df7e401ddbede43491141047db3
1,0xf940c0e22a31fb993c6677b2c426e72f8fb70ef2fef38d7eab3bac5589464130,8270423,1746564108,0xc00c0bae745d842841d02e4d46b28ae4a6a494b1,0xdb9b1e94b5b69df7e401ddbede43491141047db3,0,56062,1500807035,0,0xdb9b1e94b5b69df7e401ddbede43491141047db3
1,0xb1d45811eeb4fa4a0c1888f922a5a88b1490cb7b32ee2b1602c7d1b6e33781fd,8275447,1746624864,0xc00c0bae745d842841d02e4d46b28ae4a6a494b1,0xdb9b1e94b5b69df7e401ddbede43491141047db3,0,56062,21907232324,0,0xdb9b1e94b5b69df7e401ddbede43491141047db3
1,0x515b4103a5d2a3ab36f70898a8f26276847c461ccbac1a8fcf8427236cde3b97,8275449,1746624888,0xc00c0bae745d842841d02e4d46b28ae4a6a494b1,0xdb9b1e94b5b69df7e401ddbede43491141047db3,0,56062,21180316992,0,0xdb9b1e94b5b69df7e401ddbede43491141047db3
1,0xf092d236b291f7e48bb41930f4ecbd88df9eeba9e3e3a8711150cb3ee7fd5531,8276201,1746633960,0xc00c0bae745d842841d02e4d46b28ae4a6a494b1,0xdb9b1e94b5b69df7e401ddbede43491141047db3,0,56062,17601589708,0,0xdb9b1e94b5b69df7e401ddbede43491141047db3
1,0x29ba40fe803d633f79eb4a577b7deaa60ce210250eadb47085381c96f6d95a39,8276259,1746634668,0x8b574524f96ba47d8500ac50b9776c64e1018e29,0xdb9b1e94b5b69df7e401ddbede43491141047db3,0,56038,16669121647,0,0xdb9b1e94b5b69df7e401ddbede43491141047db3
1,0xeddee6c87dc89e45a0c8f4f722734546c2c7afe2e8b6c0772f07a4a25fe57111,8276280,1746634920,0x8b574524f96ba47d8500ac50b9776c64e1018e29,0xdb9b1e94b5b69df7e401ddbede43491141047db3,0,56038,16482474077,0,0xdb9b1e94b5b69df7e401ddbede43491141047db3
1,0x2cd29913aa0a31200a8968ca194a405e2176ea518ab833c08dfbecfee02e1309,8276297,1746635124,0x8b574524f96ba47d8500ac50b9776c64e1018e29,0xdb9b1e94b5b69df7e401ddbede43491141047db3,0,56038,16843494816,0,0xdb9b1e94b5b69df7e401ddbede43491141047db3
1,0x342016d2524565dc9ce73c34aa435b2bd9baad52d9fea05ee76a4ea7a91786a3,8276304,1746635208,0x8b574524f96ba47d8500ac50b9776c64e1018e29,0xdb9b1e94b5b69df7e401ddbede43491141047db3,0,56038,17644230118,0,0xdb9b1e94b5b69df7e401ddbede43491141047db3
1,0x123aa2b322797eafb06e5cc4901da5b3e6b2a5806b5ade67fe380877c6df4e8e,8276311,1746635292,0xeb9b49bc35ec93b82c5d7d70589e9f3dc15575f6,0xdb9b1e94b5b69df7e401ddbede43491141047db3,0,56050,16240423198,0,0xdb9b1e94b5b69df7e401ddbede43491141047db3
1,0xff8cfd47e366e9fb9d592f0e9ee0283e8cc063c41da4e6f41ab870def55305a7,8276327,1746635484,0x18b90cb2f121e32a7efac1d98cd6c5761817a16b,0xdb9b1e94b5b69df7e401ddbede43491141047db3,0,56062,16551561541,0,0xdb9b1e94b5b69df7e401ddbede43491141047db3
1,0x6eb2ba229b6fdac050a70372dafb5b5e7d7eef5faf3f5f8ff12205b1d31fbb77,8276395,1746636300,0xeb9b49bc35ec93b82c5d7d70589e9f3dc15575f6,0xdb9b1e94b5b69df7e401ddbede43491141047db3,0,56050,10579357515,0,0xdb9b1e94b5b69df7e401ddbede43491141047db3
1,0x089a74b4b0ce5766f7d2a242eddf21ed80d7c8196aed02dce241bfaa01d3c6f1,8276414,1746636528,0x18b90cb2f121e32a7efac1d98cd6c5761817a16b,0xdb9b1e94b5b69df7e401ddbede43491141047db3,0,56050,10114059643,0,0xdb9b1e94b5b69df7e401ddbede43491141047db3
1,0x7caa254df9d944f0a04055e86b2b1b8b954813a5af3eb4cd508a1f61e341b3e5,8276421,1746636612,0x18b90cb2f121e32a7efac1d98cd6c5761817a16b,0xdb9b1e94b5b69df7e401ddbede43491141047db3,0,56062,9597234867,0,0xdb9b1e94b5b69df7e401ddbede43491141047db3
1,0x60371f41f37981c5b1d939cb3389419b7ae6b48f0641ff30fd6bee919252924f,8276454,1746637008,0x18b90cb2f121e32a7efac1d98cd6c5761817a16b,0xdb9b1e94b5b69df7e401ddbede43491141047db3,0,56050,9666858848,0,0xdb9b1e94b5b69df7e401ddbede43491141047db3
1,0xb7546ea266eed69e6741a5d977aac46016ee12982223ed928d2a8543513979c2,8276455,1746637020,0x18b90cb2f121e32a7efac1d98cd6c5761817a16b,0xdb9b1e94b5b69df7e401ddbede43491141047db3,0,29470,9442549097,1,0xdb9b1e94b5b69df7e401ddbede43491141047db3
1,0x662c169634e53b1d5a2dca534e1a06b09298a29563e206e292dec29752b33119,8276456,1746637032,0x18b90cb2f121e32a7efac1d98cd6c5761817a16b,0xdb9b1e94b5b69df7e401ddbede43491141047db3,0,29470,9582948820,1,0xdb9b1e94b5b69df7e401ddbede43491141047db3
1,0xc3017cdc7f73cc994c216d28ddce7bd63a56f0910230716ede525ce3353dde8c,8276499,1746637548,0x18b90cb2f121e32a7efac1d98cd6c5761817a16b,0xdb9b1e94b5b69df7e401ddbede43491141047db3,0,56062,9671243239,0,0xdb9b1e94b5b69df7e401ddbede43491141047db3
1,0xf3fed92a9dadb01dc2fa5528e76784fc88f16defa7d3587d8c88b92307e4c8e0,8276501,1746637572,0x18b90cb2f121e32a7efac1d98cd6c5761817a16b,0xdb9b1e94b5b69df7e401ddbede43491141047db3,0,56062,9679898901,0,0xdb9b1e94b5b69df7e401ddbede43491141047db3
1,0xb03dd53c1dcb80c29c4abdc3a24caa66c1cfae4d3bba0409c2d597b24841cc5f,8276510,1746637680,0x8b574524f96ba47d8500ac50b9776c64e1018e29,0xdb9b1e94b5b69df7e401ddbede43491141047db3,0,56038,9299500810,0,0xdb9b1e94b5b69df7e401ddbede43491141047db3
1,0x470708ceeb1a9760ed1edc478c523f322f072f05bf1e86f035dc211dad7c8ad3,8276514,1746637728,0x18b90cb2f121e32a7efac1d98cd6c5761817a16b,0xdb9b1e94b5b69df7e401ddbede43491141047db3,0,56062,11930079949,0,0xdb9b1e94b5b69df7e401ddbede43491141047db3
1,0xa1eb1d6fc94c25ba4b2bb3df7da246e4458712cdc02d2e9ac829035e2c6a5321,8276519,1746637788,0x18b90cb2f121e32a7efac1d98cd6c5761817a16b,0xdb9b1e94b5b69df7e401ddbede43491141047db3,0,56062,11831118456,0,0xdb9b1e94b5b69df7e401ddbede43491141047db3
1,0x58496b4d8fac7ceab59a5c3ad92ffaf0d69ce57bd999aa7fa5473bbdd5bee3f5,8276524,1746637848,0x18b90cb2f121e32a7efac1d98cd6c5761817a16b,0xdb9b1e94b5b69df7e401ddbede43491141047db3,0,56062,11097106771,0,0xdb9b1e94b5b69df7e401ddbede43491141047db3
1,0x68a0cca3bc5a57af8d6d43eb96f1d4caa501735b6879f5d7ba11c26d308c03eb,8276534,1746637968,0x8b574524f96ba47d8500ac50b9776c64e1018e29,0xdb9b1e94b5b69df7e401ddbede43491141047db3,0,56038,10301815720,0,0xdb9b1e94b5b69df7e401ddbede43491141047db3
1,0xd9e265645b6e3c23367f5be3fa14d3ad5367005f7bf9c1c16b1002dbcdb7fa83,8276536,1746637992,0x8b574524f96ba47d8500ac50b9776c64e1018e29,0xdb9b1e94b5b69df7e401ddbede43491141047db3,0,56038,9843316840,0,0xdb9b1e94b5b69df7e401ddbede43491141047db3
1,0x91f15ddd31ee8f14b581a74b64ae5c67222085bee37d6361c6f3c83c392a5d49,8276538,1746638016,0x8b574524f96ba47d8500ac50b9776c64e1018e29,0xdb9b1e94b5b69df7e401ddbede43491141047db3,0,56038,9817410925,0,0xdb9b1e94b5b69df7e401ddbede43491141047db3
1,0x39b79add20f0e2e4b61a10725b367a822ad5d5893ef35b236e8e5dbedbd55009,8276541,1746638052,0x8b574524f96ba47d8500ac50b9776c64e1018e29,0xdb9b1e94b5b69df7e401ddbede43491141047db3,0,56038,9948222271,0,0xdb9b1e94b5b69df7e401ddbede43491141047db3
1,0x23a082c4bf6204a975222f030e8d321b5dd718cc82518eb8648ab63b9fc9f408,8276546,1746638112,0x8b574524f96ba47d8500ac50b9776c64e1018e29,0xdb9b1e94b5b69df7e401ddbede43491141047db3,0,56026,10358510370,0,0xdb9b1e94b5b69df7e401ddbede43491141047db3
1,0x2eeedafd9c4a32857ce9c0e42e23cd73c516bf22af9e80c739152e47a2eb1c23,8276546,1746638112,0x18b90cb2f121e32a7efac1d98cd6c5761817a16b,0xdb9b1e94b5b69df7e401ddbede43491141047db3,0,56062,10358510370,0,0xdb9b1e94b5b69df7e401ddbede43491141047db3
1,0xf04a980bc792cca95cdc1d9cbc445a55a613fb85d9f492804e02a90054ba6b03,8276552,1746638184,0x8b574524f96ba47d8500ac50b9776c64e1018e29,0xdb9b1e94b5b69df7e401ddbede43491141047db3,0,56038,10313600344,0,0xdb9b1e94b5b69df7e401ddbede43491141047db3
1,0x3f11bdfb894f8517262ebfb1f449073af4ff6e92e96e85c4f8c1d9a3cf346dbd,8276600,1746638760,0x8b574524f96ba47d8500ac50b9776c64e1018e29,0xdb9b1e94b5b69df7e401ddbede43491141047db3,0,56014,7659518161,0,0xdb9b1e94b5b69df7e401ddbede43491141047db3
1,0x7b2837ebcf8218e4880e5cfe2a92aab63c8adf5264017175cb294c9b80ab6a53,8276767,1746640764,0x8b574524f96ba47d8500ac50b9776c64e1018e29,0xdb9b1e94b5b69df7e401ddbede43491141047db3,0,56026,6439810933,0,0xdb9b1e94b5b69df7e401ddbede43491141047db3
1,0xeeb159dc5cdd4ff745fb8684118aa7fb685aa8b18d98beeb03056e051bbfa28f,8276952,1746642996,0x18b90cb2f121e32a7efac1d98cd6c5761817a16b,0xdb9b1e94b5b69df7e401ddbede43491141047db3,0,56050,4120104357,0,0xdb9b1e94b5b69df7e401ddbede43491141047db3
1,0xd2efa3f7021cd502931db5b2a9b6d2836d351b53cbadf9e60a70d2f85c825ccf,8276967,1746643176,0x18b90cb2f121e32a7efac1d98cd6c5761817a16b,0xdb9b1e94b5b69df7e401ddbede43491141047db3,0,56062,3550468089,0,0xdb9b1e94b5b69df7e401ddbede43491141047db3
1,0x42f296cfb6d0d0f0eb810f920bad5b70ba56e18cc4fae70d06a7c67d20bf3982,8276971,1746643224,0x18b90cb2f121e32a7efac1d98cd6c5761817a16b,0xdb9b1e94b5b69df7e401ddbede43491141047db3,0,56062,3615576696,0,0xdb9b1e94b5b69df7e401ddbede43491141047db3
1,0xe2726cebb53c1078ddf7f8706ef5d2a8cf5abc1a1f84a56a598570e2d7f8dec3,8276973,1746643248,0x18b90cb2f121e32a7efac1d98cd6c5761817a16b,0xdb9b1e94b5b69df7e401ddbede43491141047db3,0,56062,3470059921,0,0xdb9b1e94b5b69df7e401ddbede43491141047db3
1,0x3f97077c7cc9332507dfd318a56513976a8b2a5538793f0e5f63aacdc165956d,8276975,1746643272,0x18b90cb2f121e32a7efac1d98cd6c5761817a16b,0xdb9b1e94b5b69df7e401ddbede43491141047db3,0,56062,3421358926,0,0xdb9b1e94b5b69df7e401ddbede43491141047db3
1,0x612672a5f394b1ecca97abc3877dcab9ccb8c9de9f7200a8c6e5ca62ec0da5b9,8276977,1746643296,0x18b90cb2f121e32a7efac1d98cd6c5761817a16b,0xdb9b1e94b5b69df7e401ddbede43491141047db3,0,56050,3368990042,0,0xdb9b1e94b5b69df7e401ddbede43491141047db3
1,0xd849026655530d656cb932316c6874b6fc8adc54f5f628275d50fc8e28346a85,8277082,1746644556,0x18b90cb2f121e32a7efac1d98cd6c5761817a16b,0xdb9b1e94b5b69df7e401ddbede43491141047db3,0,56062,2006639662,0,0xdb9b1e94b5b69df7e401ddbede43491141047db3
1,0x4dc37db95bd02850baee269060053f274d7a4c859c39c725b4d4e03f1b46e3e1,8277084,1746644580,0x18b90cb2f121e32a7efac1d98cd6c5761817a16b,0xdb9b1e94b5b69df7e401ddbede43491141047db3,0,56062,2000603043,0,0xdb9b1e94b5b69df7e401ddbede43491141047db3
1,0x93c80f17b5f051cb7250c1c51a41fe793a48db4fa605248823630ce3db02a2f3,8277088,1746644628,0x18b90cb2f121e32a7efac1d98cd6c5761817a16b,0xdb9b1e94b5b69df7e401ddbede43491141047db3,0,56062,1952033384,0,0xdb9b1e94b5b69df7e401ddbede43491141047db3
1,0x329f3562ac7fa768ee2820c01ed810f48e0de3ae2bba8222f4ea25147ec720a0,8277322,1746647436,0xeb9b49bc35ec93b82c5d7d70589e9f3dc15575f6,0xdb9b1e94b5b69df7e401ddbede43491141047db3,0,56050,1514257183,0,0xdb9b1e94b5b69df7e401ddbede43491141047db3
1,0x36ff3674b300abd5bcb64a65a0d3b26fafc50c16d21cafb87df4915c68f61f63,8277366,1746647964,0xeb9b49bc35ec93b82c5d7d70589e9f3dc15575f6,0xdb9b1e94b5b69df7e401ddbede43491141047db3,0,56050,1509200671,0,0xdb9b1e94b5b69df7e401ddbede43491141047db3
1,0x6ce792cdf3ef79b4aefba66ba7ed32c7f95e60c828082210994e7716b89b1f4f,8277378,1746648108,0xeb9b49bc35ec93b82c5d7d70589e9f3dc15575f6,0xdb9b1e94b5b69df7e401ddbede43491141047db3,0,56062,1509157124,0,0xdb9b1e94b5b69df7e401ddbede43491141047db3
1,0xb49dafb65a0ea8d9c5538d74511862667003b125376811fffb7c3a3c061445a3,8277383,1746648168,0xeb9b49bc35ec93b82c5d7d70589e9f3dc15575f6,0xdb9b1e94b5b69df7e401ddbede43491141047db3,0,56050,1508905454,0,0xdb9b1e94b5b69df7e401ddbede43491141047db3
1,0xf29133671f586be0323bf9d3e1d210acfd42b1273615f1caa4c3a20095502798,8277630,1746651132,0x8b574524f96ba47d8500ac50b9776c64e1018e29,0xdb9b1e94b5b69df7e401ddbede43491141047db3,0,56050,1500851712,0,0xdb9b1e94b5b69df7e401ddbede43491141047db3
1,0xb250b13e18f6675103da615f477f0f1d3d3fa1a02ee3200da887ce7f108f6d0b,8277743,1746652488,0x18b90cb2f121e32a7efac1d98cd6c5761817a16b,0xdb9b1e94b5b69df7e401ddbede43491141047db3,0,56062,1500930019,0,0xdb9b1e94b5b69df7e401ddbede43491141047db3
1,0xf2425bb8eb628a672e3507497130963aeb131d0af124043cb184dd7f925b5243,8277830,1746653532,0x18b90cb2f121e32a7efac1d98cd6c5761817a16b,0xdb9b1e94b5b69df7e401ddbede43491141047db3,0,56062,1500759575,0,0xdb9b1e94b5b69df7e401ddbede43491141047db3
1,0xdce4e98b49c9573edf278f1b72a448bd3f9cb8ad2b1ee5543bc2959343c8e63f,8277832,1746653556,0x18b90cb2f121e32a7efac1d98cd6c5761817a16b,0xdb9b1e94b5b69df7e401ddbede43491141047db3,0,56038,1500833280,0,0xdb9b1e94b5b69df7e401ddbede43491141047db3
1,0x16df09bb92b9c256d9418a444d2a3d21f2af96472053b227b8060c8e2967093f,8278018,1746655788,0x18b90cb2f121e32a7efac1d98cd6c5761817a16b,0xdb9b1e94b5b69df7e401ddbede43491141047db3,0,56050,1500838761,0,0xdb9b1e94b5b69df7e401ddbede43491141047db3
1,0xda4e7077ef3c78f3d8c0f2e5ce6a93f59863e1fdfb6ee9075aaa3a6261fe581e,8278026,1746655884,0x18b90cb2f121e32a7efac1d98cd6c5761817a16b,0xdb9b1e94b5b69df7e401ddbede43491141047db3,0,56062,1500945734,0,0xdb9b1e94b5b69df7e401ddbede43491141047db3
1,0x59548b2fcd8ee75a04121dddb434e2eca1600d49760f349d3b0d750daff41211,8278822,1746665460,0xb6efec29d90a48d10edd79250700b85db6f94b65,0xdb9b1e94b5b69df7e401ddbede43491141047db3,0,119254,1032065,0,0xdb9b1e94b5b69df7e401ddbede43491141047db3
1,0xd06889e90e7e43d892356b25584c74fb97b45a3f4cb3d68ac4b950cb82a18c87,8278923,1746666684,0xb6efec29d90a48d10edd79250700b85db6f94b65,0xdb9b1e94b5b69df7e401ddbede43491141047db3,0,119266,1087436,0,0xdb9b1e94b5b69df7e401ddbede43491141047db3
1,0x2bbe7ff1519cb2d53d2a04bcc1923a7677de65752f5bd70fc85933da81b89d48,8278925,1746666708,0xb6efec29d90a48d10edd79250700b85db6f94b65,0xdb9b1e94b5b69df7e401ddbede43491141047db3,0,102166,1094002,0,0xdb9b1e94b5b69df7e401ddbede43491141047db3
1,0xd88a47b319a884473f6122d786d896fc6ff4b56c4ab6763ec74e6ecc89a29f37,8278971,1746667260,0xb6efec29d90a48d10edd79250700b85db6f94b65,0xdb9b1e94b5b69df7e401ddbede43491141047db3,0,119266,1211778,0,0xdb9b1e94b5b69df7e401ddbede43491141047db3
1,0x0d3bc0425dd4d6ac827ffa61b362fe36c49627729cc03e2606377b9817d6bba0,8282908,1746714564,0x2fcb88ec2359fa635566e66415d31dd381cf5585,0xdb9b1e94b5b69df7e401ddbede43491141047db3,0,56062,51489431049,0,0xdb9b1e94b5b69df7e401ddbede43491141047db3
1,0x2b0b9cdb77900051906ef0e2fcc356fb1fe9dc035542d51f60f1d4cada7e0a19,8282919,1746714696,0x18b90cb2f121e32a7efac1d98cd6c5761817a16b,0xdb9b1e94b5b69df7e401ddbede43491141047db3,0,56062,63352221513,0,0xdb9b1e94b5b69df7e401ddbede43491141047db3
1,0xebc6a5af0a060da886053d79ab58b1555eef9dc76dcbd28d61a94640c3896293,8282924,1746714756,0x18b90cb2f121e32a7efac1d98cd6c5761817a16b,0xdb9b1e94b5b69df7e401ddbede43491141047db3,0,56062,64854203560,0,0xdb9b1e94b5b69df7e401ddbede43491141047db3
