tx_hash,from,to,value,block_number
0xb7c6ba93fc1aba92a7b941fcead7f6207ccce11123a83e8cffb91aaf27dfc6cb,0x4a76bca2c8e1bea7cf8cbef9172f0499cc1332b3,0x7b79995e5f793a07bc00c21412e50ecae098e7f9,0x5af3107a4000,11665136
0xeb093391a5a9258f69bebe2f405668261aa7f9cd47f0e3e9b2d20892f7edf3ba,0x0dced392e0c8dd4449741c60f61f88280c7bbd00,0x00289c189bee4e70334629f04cd5ed602b6600eb,0x0,11665136
0x9285c01a08a28b4db2fcd5180f0e4b273f875fdb3d21fb0099fa6f6886b33c37,0x7752691cda40eddf5cedb782aae31d18ca3b936a,0x1068ed496d21bf5357b2f1e9d25f46934f43ca99,0x0,11665136
0xbec09fdf01710adc8de6e8384ed3e96d90e39ccccea16ee669610ddef6fdb4c3,0xba7af4ff71f138f7f55dca2edf78fddd6cf2a066,0x99bb09726b22bdefdf1cfa87074c0fa8ed49edf8,0x0,11665136
0x1d9e2761fe086d0289b2d52b3321fb5f524717fe7642b6383bd0432e7339c9da,0xfc1713087c328823d6d80227d140b6615a72ab19,0xfcff9392c26861aa6d6ee72fa0b092787f8522df,0x58d15e17628000,11665136
0x1bbacefd84a36c68972866da9fa0e28f2c47134d6afd5b297404a45c3d62f89d,0x3d229164d3a67abb13e743359700808aee9018d5,0xcaa0757808a96f9f4ee76c04256536d6c17e6e27,0x0,11665136
0x505cb2bb612f7d500ff0944388bba7ff8c3d45796ca49e971dddaa85146b75eb,0x9c63153e7445b51d60f7acf21152aa716bfacf09,0x60e8f2b6f4ae6cb53b034ca892e520b32ec129cf,0x12309ce54000,11665136
0x95857e93afb055c99b098e35ef5fba30861cbeaa7ce193cb8b17151d6cb9c1ec,0x0a229f45fda7a8e482368de4d49b97d7dff8e80d,0x60e8f2b6f4ae6cb53b034ca892e520b32ec129cf,0x0,11665136
0xc761c7ace9748e70fb9519acc9bca09af367fa80144ace9809da33098b52a7d4,0x16f4f28073a086f5874d2be2222c67ba919f2392,0x5af142cbd2d2990fe65eec027640d86febf4aec5,0x0,11665136
0x510659a066484ab8e23b026a82df18a16f110a6c84a88eccfd352a094b9706a6,0x941604790863b692f6f79474c5264d0fbdef89fc,0x00e71cbcf7e567977524993751ebdd088dc39ab7,0x0,11665136
0xe5eac73ce64eb8baacbce564bde5f4f717fe42945e285c8cf6854f0ee8705127,0x3298da2c9a86ff2da42ec65805ccf211941c90d7,0x0c88262f03b183dd183c2fc7a78578dbce1e664c,0x8fb33ddfe000,11665136
0xd4e370ac98f026f09effe7339ca0be4ee284c0d1442745c14f9b449d84d59ec4,0x5e56b31415b4235fe40c273ce6ffa2a7377c7009,0xaae29b0366299461418f5324a79afc425be5ae21,0xad229e8a5f7a0,11665136
0x67d99a99004b7454e31e8e39c298e92b636493bc86c0ef1c0a9bac369bc71ce2,0x86b2e9ab8fe2178b83c63878e68740cc72e0ab89,0xeabecd70ac3330d65e09e429824c49d0d8812952,0x0,11665136
0x0ba7e5eee3607e39968732165f3047a913cc123110455c1c5100fb5f823dca9d,0x6116dc506d0e6d7beb71502956d1520b3d228f8b,0x8f6eb7870334b1fd8006fd52413f01689f4e57e9,0x1a5b8a8b96b000,11665136
0x45f83f96f21f0aef2a3ec4c36e798b018fd578cfec234e089de65f1e3058a60b,0xd562043025a15757faaa0a424323c5087b775594,0x67bba982e697568e6e2cf73a9e7bb466c9549d23,0x0,11665136
0x3848d2f0b2424fd625f1d20797c2f96d73617a0a2f1e4bd5cf702c4e90d5fad5,0x170399b50e12a893f27a0a0749e31fcc34712388,0xc959483dba39aa9e78757139af0e9a2edeb3f42d,0x0,11665136
0x59ba7f9cf4c524848822536830f6da940a1ed0551cd83edcb714797db4fdd4dc,0x407de0ee5a4049218652de06a469968257ce44b2,0x40a2accbd92bca938b02010e17a5b8929b49130d,0x0,11665136
0x0d2131160c9a57ebce1b9b5763f10896c5e7debd1fc68252b185d926efd71b97,0x9a0c272bd8bb40edb2689bf48b395f8ecb561d55,0x70e5a457aca3f64700e2617589cd22de077f519d,0xb1a2bc2ec50000,11665136
0xf4a64c25df944a9dfadf1d9e1665e7d98a716e4fbf2f98c1c790bf272ecce9f4,0x9c426650e251cf5d67538640839f0b8185c641aa,0x1ff5a9fcd7ea4e05f556d3b2d06aefa4467fcc27,0x0,11665136
0xe8e70b9a8b38a3985c36edaf66532a6db58ba7e6735079f8d23f81285b220443,0x8fdfc531d6b3d6407c8314d8da1e76fd885ea48c,0x87a3effb84cbe1e4cab6ab430139ec41d156d55a,0x0,11665136
0x6f29c91aa949037f95411573071fda9d810c5ea395c4deaa17399452b764b7de,0x2cbcc42aebc5829973414c4ddaf693ae6d40e7a2,0x87a3effb84cbe1e4cab6ab430139ec41d156d55a,0x0,11665136
0x8e3d631ed7b4d8521da1f5aaa53d89591b223a38eac7e9c2e08af10d51053e4f,0xa4cb9b6da07729e538d4d190304b46662f977403,0x87a3effb84cbe1e4cab6ab430139ec41d156d55a,0x0,11665136
0x2a95627e76a02189aa293323fdfae23adf1848a33fd2a8c68c7d4bdfbbd2b012,0xe3c5fc3a24438dacd0262b4e74a3b163630c9922,0x5fb4b5aa8f408389ca96e7e5b9cff014a8176563,0x0,11665136
0x295ad0fe1fc89f6c1b401d9495a11bae542de6ec1ede7a6a52b59ab6c370c6b9,0xbd48b803a97fc3b74366957958dab0cc7625f69a,0x87a3effb84cbe1e4cab6ab430139ec41d156d55a,0x0,11665136
0x40967a556f622acf7f6591ee7aea82068f9da81efd68a1e62828a8e35adeea3d,0x9f50b11f5252074611e98040527b823f7b18f89e,0x87a3effb84cbe1e4cab6ab430139ec41d156d55a,0x0,11665136
0x8df30eaf12d1b7c10a31a4e4cf7ec5929c1ac085b4ef1fceefaee1ea25bec427,0x2c2ff804ed59bbe2533e0a8210d5a120414d4c93,0xa73afb610ac79a729a393d679029fcf9618854ad,0x0,11665136
0xc9ad9f15017a2b1c81fe589ab0e6c0a41ba71110aa4c46678cf6bb946960fa98,0xcac6b53cf22eabc1733431e74bcaa7a28bb89fd8,0x87a3effb84cbe1e4cab6ab430139ec41d156d55a,0x11c37937e08000,11665136
0x5ea5da5b79956858699a91199b73d598bbaccdd1ed13b3f18799cfc0424805a7,0xadc09b63a3ac57a2ce86d946617a18df9db029a1,0x549399aacb9e0740c096790505bfdec57c3e3dbe,0x0,11665136
0x892bafc2734485a96fa5fa571c526d2c25bf3075112de112039ba1a0b72ae6ce,0x5ae1c8a172431c7fb2ee5ae78d5325eed42cdcf5,0x1a55dc4a015286f28f536786ccde1ca33a8ca166,0x0,11665136
0xe9b2ff8ff6d2faaadf22a89ed954b0295f371ab8d1bf288e4f1eb1f1d35f035c,0x78f86f1c84f39b81a350ae0923a46dcacdc335ea,0xfa6419a3d3503a016df3a59f690734862ca2a78d,0x0,11665136
0xaa9c101d16813b8d4b919bd8aec538864037440e538566cff9ee3568fb767e1c,0x50b610347db9ab5c5f032e31aa83dcac9daab1cb,,0x0,11665136
0x459ae607f2405698daa8c3d21aee893f440a755e4f5d825d40c784634c53e40b,0x84d3a426d4e12e955d1df95db0b24fe26afe39d3,,0x0,11665136
0x427486ac2385cae4e46850709717c56e2934c539eeb265875ca62011e97a34d8,0xdd7ccb941e3398901ab508ca8756c2c845637434,0x87a3effb84cbe1e4cab6ab430139ec41d156d55a,0x11c37937e08000,11665136
0x386d17c0f9672b8c3084aa3b6a381c7ebbe1bee34b72833254221d382a42f5db,0x28986b8e50272b96a04608075c0f507968e18889,0xea30c4b8b44078bbf8a6ef5b9f1ec1626c7848d9,0x0,11665136
0x6e9d0e831985e2f2972216ebcfcafd04dc5cfd3d2af5196d3c484271170380ef,0x0ac9e90703134cb02d817d15ce736fe990427f10,0x2bd57c3ca216f0d38b18bcfd14595f12dfb13c35,0x174876e800,11665136
0xc40cc60f1adce3854d10c1c400995ff28c965a637a4cf2b17f78a8214c9b1119,0x66c32429ad4e20baf4f4dce7c76bf6488032919c,0x8f6eb7870334b1fd8006fd52413f01689f4e57e9,0x17d057cdedf000,11665136
0x299f71e4414be473d23237fc1eaa92943632c503480fb527e616cc859457792c,0x4769e3deddcc0e0dffca5c61b7cc2c3a7e3925ef,,0x0,11665136
0xec14b069a96f0cfba2005f21ed14fb22c813111b28abf29958abe2b887589b94,0x46317c1b4168a94c8e3cf1c9f2b7ff55d4e65791,0x73b668d8374ddb42c9e2f46fd5b754ac215495bc,0x0,11665136
0x0f4839a0084c35f51e0ba00c6f9c178b2e58606af16a4c3ece6108909c002a50,0x32bf1b7ab0311802e00245dba416d2d416294ae5,0x008e555147a3ea4a4a47851653795243fc72debf,0x0,11665136
0x3f1eaa9b582a396dc616e10961510ab80ed3cadf7a62f471e88ca4bb41e16129,0xb729228bc5860cf87d685cfa527d65a54fb59cf9,0x7b79995e5f793a07bc00c21412e50ecae098e7f9,0xcbba106e000,11665136
0xc32d38ebd03d8e2d1aa5c318a5efd6a805cbc3a09634a19180450cbd47ad20bf,0xd3eb91f65181f845f6fd63f85367371c376e8704,0xea30c4b8b44078bbf8a6ef5b9f1ec1626c7848d9,0x0,11665136
0xb3a761929eb4228088f9be970764c6fb1ba84043aada9e4fd9865be6d4f708d7,0x15f98b1c7d473e6d9eb84536ca34f11a41283524,0x8f6eb7870334b1fd8006fd52413f01689f4e57e9,0x6651728988000,11665136
0xe7d6647f54932c0e205abb4faccd80ea711a0b7385c0977c8417634238e81815,0x94f64808bdfc8751e41249eba4d6a9a4d16f3da5,0x60e8f2b6f4ae6cb53b034ca892e520b32ec129cf,0x0,11665136
0x69b12f145c2f8f06164d86b80373f2badf17108590deab0f9f66e9945dcf2f19,0xb3e380c2109f085088944baea401876017c4eef7,0x9746409c50db67f9bfa0f38630e88edc7a78bd56,0x0,11665136
0xe7c045640fb4a023b58d0f42381cd711a865dde042463221d0d4a3cbd7414f5d,0x6ba78a3088fb819c048420702302aeb95d4e40cf,0x87a3effb84cbe1e4cab6ab430139ec41d156d55a,0x11c37937e08000,11665136
0x945303a51bdec6e0cb61d9667c5234b90b49a1186c536f44b27bc28cb5745981,0x1ff5a8facae2684b61d15c3d3b5142738c06f31d,0x87a3effb84cbe1e4cab6ab430139ec41d156d55a,0x0,11665136
0xebbb9faee0dfbefe14f872afba5fd56186e949316908715b4c5f23bb0084fcf6,0x73c78d2166168bb3f03f99f1a5a515c2aa2d8776,0xea30c4b8b44078bbf8a6ef5b9f1ec1626c7848d9,0x0,11665136
0x200cf2ddda35183f84f00711a9ffe14cb6d305ec515b29cbffbb980063946ef2,0x110f13d41910e429a93d668b9cff4dd675713c2a,0x87a3effb84cbe1e4cab6ab430139ec41d156d55a,0x11c37937e08000,11665136
0xd4a5f833c838d86131af730e149d009e986bf7e859f21a46240fe2d6e04da14e,0x1e07ac2d2c0089ab5a6316f5b24e7c9e7bbe4d6a,0xea30c4b8b44078bbf8a6ef5b9f1ec1626c7848d9,0x0,11665136
0x89455cfc62187bb73b40c88e54a7584927462a63b24946c49d6c38763dcc0fc0,0x5b595c0833226fc44a979846fc4f4fe8619e149b,0x77b2ffc0f57598cae1db76cb398059cf5d10a7e7,0x15bad811d62d380,11665136
0xbee2f0f9e464285aecb7e90748ecd7e892c0935edc5ca754437df123b6d23d6b,0x858d7492b41e74e0ae0e7dc13a9e893e0b4e8ad3,0xea30c4b8b44078bbf8a6ef5b9f1ec1626c7848d9,0x0,11665136
0xa976142cbbe19500ee034b985c8e3c08e9d9a8e6062a303bd0f88fcafa831aa8,0x5c824b02b25ded5f2eec84217c7e6311869be729,0x87a3effb84cbe1e4cab6ab430139ec41d156d55a,0x0,11665136
0x3dd80f925fa049d6814eacfa9eafb137d3e62cf4a0d8715e7cda6f8c1aa1deba,0xbe3f3a077ae9bfa03c4c6d18d22b45ac9aff3f81,0xea30c4b8b44078bbf8a6ef5b9f1ec1626c7848d9,0x0,11665136
0x60f9c847f8bb15748488f0e493f2c0bc11bd5ad098ed2170e2c9d3b91c4f6f98,0x0b28b39a26d553ee24169b52a654ce33da838c6f,0x87a3effb84cbe1e4cab6ab430139ec41d156d55a,0x0,11665136
0xb084ce5fc7cbe4fe1b0280b39bcd0c80de7d67e60f0d752c60857d7ec7ebdb4a,0x48a7a4183d30fe75b2a9a95583897a04d9df3de0,0x87a3effb84cbe1e4cab6ab430139ec41d156d55a,0x11c37937e08000,11665136
0xbaae71aa5aa400059504122397ecc67f2615a9ecf621b6d1cccdc7f6e01e926c,0x9fa36294177c7adf9df4cc35ffcf0f47dd3468d9,0x333c2bc95b913190275fc0f26a7c171a0175c5c9,0x0,11665136
0x7f8f2114f22db71d61fe21fe076677f62a10d7e82c2ddd9bf87eeedf10c91592,0xe809f78e49735a944140a6e9eba4a7af43764771,0x001ae1d4d3770d0662a6dd81ef12e88adfd3f5da,0x0,11665136
0x5cee20d1d4a184986b8952dc3d7ee2d9b99d27b99b60428b22f3cf7cf65216c7,0xfd4aea5e0c253e97d917dc5398025f3555d61dec,0x07ea2ff889e6228cded329a09f66e370f12c705e,0x0,11665136
0x095c58e50c44934c20f06210ae7cf090acfb1903caee7929902468b3cf229628,0x6a830c36e863e260d408a86083d2276b0902118b,0x290df9be25eafcc26d6c5e6c2ea8034113ccfee0,0x0,11665136
0xd26173da2820e36dc1b26da62897699288272f708882865ddf5509d4ca27c673,0x205f417d35aae79eef7681c9dc9db5876d0db264,0x69c6b28fdc74618817fa380de29a653060e14009,0x1,11665136
0xe40df40d25d0bfedb559e7d0434ac80d1e7db0070310e3b0889d886c5d234c92,0x703f75ece1417a313fc0d12f95c5b55aad169a2d,0x87a3effb84cbe1e4cab6ab430139ec41d156d55a,0x0,11665136
0x837a3a58f6076b795c4cb21420142c4798ea66eebe94ba7ce85ca64f72232da7,0x9666ed4c514de2abb7cd26a4266e51c77f545cb2,0x91d0998427c85d12bc293c31d578a9e9c41c63b4,0x0,11665136
0xbe1fa4fbae1be885726889db87eda930fe97da38f798d9acfa910dd9bdd1d052,0x396f2a890f790470c984249d4302df089440c9a7,0x248894108c9e5c64b195f0482aff4415021b002e,0x0,11665136
0xb27d5fee91c6ff75027eadf8e4a69f94b6e8957b3d23bf4a67d3246858fa2c67,0x46dee90e70e49fb3efd83ca9b3249fb490631b89,0x00aed28667cc89d32e8b758f95e0b521afdcb876,0x0,11665136
0x30d66512b6aa4cd1be84bc1640fd20d1b288050520241f689eb879ba52b74c35,0x179e9f773c884cfdebd4302198e7d71e128e68f3,0x8f6eb7870334b1fd8006fd52413f01689f4e57e9,0xabe4fddcd000,11665136
0xb14a31b365361c350020cdf73a21cf66c5a85fdd11dc2bcf259e8ee134553339,0x8948d8d5602df5f37a059cda0189492c2b1e1410,0x26716224ecabc8a5a3f1d51c3d6e7d0a369a5e45,0x0,11665136
0xfb294adbc9cd98133af89f5e4fcc6560ffe93cbcfc101010a6ba71e214091c66,0xc5cd86aec9723c2f9e408317998237b531a02934,0xea30c4b8b44078bbf8a6ef5b9f1ec1626c7848d9,0x0,11665136
0xdccfef806c39fdea2b80cc2e910f9ff54bca230f6246bc2041c6b2fe9936a5d0,0x5fb5139834df283b6a4bd7267952f3ea21a573f4,0xffeeddccbbaa0000000000000000000000000000,0x0,11665136
0x8b0d489fe0c6bdcf7033c41378693ea5efe23bc610c093eeb8b43b19a4b3a536,0x4155d1749439304fc9a0d3e70da4d4b62302a642,0x87a3effb84cbe1e4cab6ab430139ec41d156d55a,0x0,11665136
0x5eb9efcfcb17f65310ead306559ccf4e68a52e435944ec1a31e4d48968605c6b,0xc3cbcddea0b40ee953acd3759089b2e65a1d8963,0x87a3effb84cbe1e4cab6ab430139ec41d156d55a,0x0,11665136
0x80281225f1f2d1a3b4965b8a817a63b4524e48d4ba4c46a117b220460114c611,0x7c4db55dbc569915e821433aa3d0fad1649f009c,0x7e8b0dd71be6c1216fd7334e7e5eae8aa2e7276b,0x0,11665136
0x6ff61349eb09d0223b886d8bacd19940ab657a587eaac92799d78deaaefa1334,0x0392dc43a49d3016955050424d778d2c437a6466,0x87a3effb84cbe1e4cab6ab430139ec41d156d55a,0x0,11665136
0x49714f654c86a041ba797b5c0b067395c53abb5c429049f5e1d4c70ce3cc257e,0xe9c5ca84d8da93397198c7233fcb076e0c7958a8,0x87a3effb84cbe1e4cab6ab430139ec41d156d55a,0x0,11665136
0xdb7013c3df3cb968675615d038e6da07419f4bee75bfc47e92ea2d4676e0b5c8,0xf2fa17aaba2a45dc1184bf212c7aa3b923f36bc9,0x06742409f042b3c5932c6c154b9ce67929076ed0,0x0,11665136
0x9a21d62cbe9d8079df494598ac17b4c52c22340453bdc31c024b7f19ffe7b0ee,0x9042fc7d9aa553742d524b80d8ba4fcf53ce627f,0x000fdb06a47eb3e1214fadef1e653f6cf6f3327a,0x0,11665136
0x6e6a232857deb897cd79f3ab9ce2943910a85badc8b87e3056ccdb5b6fe2f74f,0x179e9f773c884cfdebd4302198e7d71e128e68f3,0x8f6eb7870334b1fd8006fd52413f01689f4e57e9,0x7553272d1000,11665136
0xef8c909fcfeca38a71909fea0226761ab6bfcfa36a4a8c9a43e711a909b22d8c,0x8d1914de684e60af618920cdb0e9db157f520735,0x66a844f8f451e861e95121fc4573f79cfe541048,0x0,11665136
0x534ab27440038e7304a9dd0374e7489cc0311adde085971cab4e947886fa291a,0x97dcd1ac22e05634dccd04617b573feaca0380ea,0x11f98a0c86509b6c6a19953cdd7bdeb82ac872bb,0x0,11665136
0x5a203c378a821760a21cffd495785b7cb75a5b77dca727de2bf24f8699996a15,0x179e9f773c884cfdebd4302198e7d71e128e68f3,0x8f6eb7870334b1fd8006fd52413f01689f4e57e9,0x6150e0fdb000,11665136
0x6733af9c942dcfeb6a21ce528700b9f077d1f8756217fbf9ef491d85fe8ef911,0xba000521f2f8507de29557f736d93f23f39a830d,0x66a844f8f451e861e95121fc4573f79cfe541048,0x0,11665136
0x744a3d0744875c651d4d7449ebb0664ea02c9f74d4d1b371b44b392d9b15f699,0xc0ec79cfea51423a3300c693c84621cb41737045,0x68b2f9278461c8ba86ecf0d69bf6fb98965aecb8,0x0,11665136
0xf97415e854cec3d635ce6b1c2f3366a20ed347284061e943aaaa435674ac717d,0x35dc1c93e4c09a4c5cf2d746da3ad12d29423254,0x87a3effb84cbe1e4cab6ab430139ec41d156d55a,0x0,11665136
0xc9fbc46723edce96a6e39915692a7a9e18e718a666ed40468a6ee7ca676df9f9,0x4407afac54edc2215db4252995cccf7946ef211b,0x0578e5ea652c62db20f4475f685a4b587314a30f,0x0,11665136
0xda3415dd78c2700e86bb25ddec0a3be8756d98d5afb501ba524cf828676e3cad,0xa8b9af4e76055eeddabd5388609024d3004a05fb,0x87a3effb84cbe1e4cab6ab430139ec41d156d55a,0x0,11665136
0xe2b2b0efc9f822a437c067616099a3ed0699735e34bd58f29abc47b51d70cd4b,0x2296ec6fe9de4f05e8ed0876876ca1f477776263,0x87a3effb84cbe1e4cab6ab430139ec41d156d55a,0x0,11665136
0x4ee722d1f8f05a745b68d50b2e634669467ed5a806d51489c975944bd394cc84,0x13dfe7e51ae78f77a5838091e895e7f8fddde0f4,0x87a3effb84cbe1e4cab6ab430139ec41d156d55a,0x11c37937e08000,11665136
0x10607e3970b8b57035cde6a717c4ad602d59ad34eac83e23d5d82541822ace27,0x1d63242eddabb57945677afe2894ee73754d1c3d,0x87a3effb84cbe1e4cab6ab430139ec41d156d55a,0x0,11665136
0x8d561484240e5b0392eaefbdd9308c3fc9c8dc88711bd1c34551d48f92f777a4,0x179e9f773c884cfdebd4302198e7d71e128e68f3,0x8f6eb7870334b1fd8006fd52413f01689f4e57e9,0x8fb33ddfe000,11665136
0x896d687c8aad4a216c9d4fd9cf508bf1c7ed0cb2c3d1f18b3e737631e67c7a52,0xdac643a24eb32dbaeb82122a9c915693dd4f0831,0xa984de6bd16305a200ecd4023eb467e5a0f3026b,0x0,11665136
0xd834051eee70ee5b75236631ef468e29dbbb8b77b26cf4cc43f8a10209969d2b,0x7ffb1200b6a3cd8ebff57670d299f7d0a9e10db8,0x87a3effb84cbe1e4cab6ab430139ec41d156d55a,0x0,11665136
0xc1059e8daffef132e8af12f11ac655cf17802a51ac79fbf35191be56dc241cda,0x247043b48c76b10bc809319d97889d51aafbc898,0x94a9d9ac8a22534e3faca9f4e7f2e2cf85d5e4c8,0x0,11665136
0x307d50c4bb5df4b83b1306fc6404b24a10000d385aa6725b4cbf4ec1cf644682,0x6b5f2715e46cfbd343add128dee41c92a8b429ca,0x87a3effb84cbe1e4cab6ab430139ec41d156d55a,0x0,11665136
0x3a740ce218c9d554dbf0ebd9f2efe606fba317dd14737135a09c5073cfc49f40,0x3b7fc30fcef8b40496e9d9dab73a83d83401af18,0x87a3effb84cbe1e4cab6ab430139ec41d156d55a,0x0,11665136
0xd2dc691d75ada8221a8cb50315b1fd6d30e1864490d8073ae763f3689a573871,0xde49c96e4fc0895f97f161490bdd1731e8c54fcc,0x8f6eb7870334b1fd8006fd52413f01689f4e57e9,0x18838370f34000,11665136
0xa76bc46fc7e154808b7db00d2031e588a63cf7229cef9e306a8f479f4fd19d87,0x1f5fcbcd2ae690b4c222c397b4390876ec7ada07,0xaedcc3c8bb2e22fe6172ed48869a8e30df3fcafa,0x0,11665136
0x5e26b3490374c4e3a73844c957e0dda145d5ff8e3abaeed9f9b51161b6500319,0x4af79245e1af619c57c5231d6c2aa7a6376f575a,0x2bd57c3ca216f0d38b18bcfd14595f12dfb13c35,0x186a0,11665136
0x9601de1c339c1dc93d4db4a15840b9582c85fc0f85c00f90e6d15892a318d0bb,0xa2b4fec670120f0886ed1099f252ef97d20381c1,0x87a3effb84cbe1e4cab6ab430139ec41d156d55a,0x0,11665136
0x02d9beadeef627ac80d7b2c0a68759cb4e6811514105b52e5a5d3d2445cdf3cc,0xaf026e42f5f8a0dde581bc214091219b8f4a5e6b,0x5ff137d4b0fdcd49dca30c7cf57e578a026d2789,0x0,11665136
0x1ce343d3306481bdf998691839eb3dcd253c99d46bd5602f2272241571786255,0x7d2e846047c5f76ccbdf80dd42e32d33afff64e5,0x87a3effb84cbe1e4cab6ab430139ec41d156d55a,0x0,11665136
0x8f897df31d43954ca5c9279feb95f2fb3c816d22f6e9f2ec841ae3a21945f50c,0x82d7d9e82fa6e533b26044a5e73d4746bc086402,0xa984de6bd16305a200ecd4023eb467e5a0f3026b,0x0,11665136
0xe3586005f48ab83ea811349a6c05d3af374e34f197e07aca4243fc46c684f4ef,0xac59dbfb4240bdc0bf5b659a407ee5fc7adbda1a,0x803bc3291b79c118eb6a8431a42b9946bbc4ee36,0x16345785d8a0000,11665136
0xb37ae8198bb01abdd17e561334c24f8401c6b5f9bfb4bdcffe06edf92cccc758,0x85277f4ebb077480fee40aacc7d6a0659ade01fa,0x87a3effb84cbe1e4cab6ab430139ec41d156d55a,0x11c37937e08000,11665136
0xa81de14565eda9d037b36d6fb9f6f0e46a5bf2a1c85ccf982b31c0c7209f181e,0x74b029b6264d8cebdd673587a75e765ec230bfae,0x2bd57c3ca216f0d38b18bcfd14595f12dfb13c35,0x101c8ef80e7000,11665136
0xfe4ddff04d91449602d18318a49dbafc2faa5698e2e4e716b451f32878177e66,0x5568bb0cc1c9dd46ae81b270aecad3451a89a50f,0x87a3effb84cbe1e4cab6ab430139ec41d156d55a,0x11c37937e08000,11665136
0x3088d463adebb25484d9edce729c5edad857493f88eee99ca0547c83b69a2084,0x5cfabd97e1ee22f504bfd4b32429367cda77593a,0x87a3effb84cbe1e4cab6ab430139ec41d156d55a,0x0,11665136
0xd05c6772cbe2cffcfe5efce7fbc281e519419308ff4a43f3ba04cc6099523df4,0x4912ae8230c20523ec0f2f513ac97a8551606e87,0x2f5ef19e4ab2d5667aa1384ab5ef44b87788df18,0x28fcd6862a871d,11665136
0xd8c1aeb248d227bcb25972b64b91060025b151c5a673e27cb2ca25331f41928a,0x8b67c1d2129dc1b0b8aff859923be1d8f95f80a4,0xea30c4b8b44078bbf8a6ef5b9f1ec1626c7848d9,0x0,11665136
0x7ae483e98c76cebefc25e8dbb1513839094520df9e0bbbbb9fed80f4c385676a,0x9fe3ef66e33ba9cc09e546f61bc61b3fb00bedbe,0x333c2bc95b913190275fc0f26a7c171a0175c5c9,0x0,11665136
0x09e7deb5838979b44be25165d55267ac871daf848e19a14ae965237cf95c7da6,0x62c9ea7d54f510de3ac99d2b56ff43631f78c57a,0x4381e0565bffd9fd46a2befb87f514f7f7b28679,0x129aedd3170278,11665136
0x6ba7d463f928bab26e883b79757cc6f235e30e0942dbe184ec547d257ce9ae5d,0xea2893eefe2bd0eb5983f2cc655ccb6669483877,0x73b668d8374ddb42c9e2f46fd5b754ac215495bc,0x0,11665136
0x89e518bca9ca09ea9da06ff181cb67208dd0e7b8d3e032822be79e2fbf6113a3,0x02f53cbcbdcb8e5a53a3bb7b1be68bdd8b70533a,0x87a3effb84cbe1e4cab6ab430139ec41d156d55a,0x0,11665136
0xa09fa183c1f94ed4ebf0f27572bfd2350b7d4ef1e90e16f85d3a0d600279ee18,0x22a6b8beb881aff5c2ef8fc147a7caff70ded9e0,0x73b668d8374ddb42c9e2f46fd5b754ac215495bc,0x0,11665136
0x11ed25599ed255e2bc23f154f3eb60ec1222ed2667b8e20307dd0580072ad303,0xf43798ffa7593671b44d4c0df7c7464dc70414b0,0xaa8e23fb1079ea71e0a56f48a2aa51851d8433d0,0x0,11665136
0x0eda26fd673de0905e8f7a993f281d606af83ff05593caef0250779d0a882633,0x63e0f9a654b55464f87022a78d05d1eedd6089a3,0x2bd57c3ca216f0d38b18bcfd14595f12dfb13c35,0x4198e90122000,11665136
0xad19966fc05550be0fda74f54acaf56998834be4b5c0d62e180e3e621dfc2b81,0x1099486cb09a92fc3f0b9301001ea48e127a6dbd,0x8f6eb7870334b1fd8006fd52413f01689f4e57e9,0xf46d3c488c000,11665136
0x4da9e7bede4fa6b1c6c4346736a4b484e0c1b4b06b4305c295a11fb7579321ee,0xfed33e29da9ddde64ff2c3a3748dc3b2367a7031,0x956962c34687a954e611a83619abaa37ce6bc78a,0x58d15e17628000,11665136
0x7c2ec87ff200572f391d0c73cb58d74ed5e064eff177ba25adad5e49f835bb55,0x5129956beaccef0e1f2f6134a882d4bf9235bfd5,0x87a3effb84cbe1e4cab6ab430139ec41d156d55a,0x11c37937e08000,11665136
0xe0874ca165bfb9fe5501c1473bf6810050ee5ca629b4a33691e12963ced75387,0xc9d75be112ecfeaed4a99e675989c396853d9ee9,0x73b668d8374ddb42c9e2f46fd5b754ac215495bc,0x0,11665136
0x4b6c44d9eaf5fa34a73a59bc4381e760baed9913555b5f7f3a36768ef461555e,0x732af5a3aaf22ab6740b0711f5f41087f5eb905f,0x87a3effb84cbe1e4cab6ab430139ec41d156d55a,0x0,11665136
0x269e3247b143c12040084b19f74212566408a33e619cccf8fd38ba2e39cfc8da,0xd677c2cb7801857ee17546aa83cd750b75e5aaf9,0x87a3effb84cbe1e4cab6ab430139ec41d156d55a,0x0,11665136
0x6ec181e3a3d88a2b1f5b0102366528472906391eb3a468130c67a83994625b3f,0xf255d863bafb5694846688292f1ed481fadf2ba6,0x73b668d8374ddb42c9e2f46fd5b754ac215495bc,0x0,11665136
0x9ccd95b98351b71a645087627bcb25087af7289df295efb15ffb7148a8eb9291,0xbb398f04393326b9cde2cb2706f9974bdf66b461,0x87a3effb84cbe1e4cab6ab430139ec41d156d55a,0x0,11665136
0xb77f79613a2434d013df3b520b6e187853e35850b3b251a6dbe865bf2a67c50b,0xc84a0928632382e75c543acced101b9525027362,0xb2c7711b887cc1f867768be224f85ad30bb6da68,0x0,11665136
