hop,from,to,value,tx_hash,block_number,timestamp,gas,gas_price,source_address
1,0x846943093f519a47734765bef9ee1136800beb9c,0xe7f1725e7734ce288f8367e1bb143e90bb3f0512,0,0x948fd5f91e31d62037a2070e9a1e4b56db1864c75200efb2e72e728c2b465bd9,11554817,1787547120,28977,2472162700,0x846943093f519a47734765bef9ee1136800beb9c
1,0x846943093f519a47734765bef9ee1136800beb9c,0xe7f1725e7734ce288f8367e1bb143e90bb3f0512,0,0x93237ed5a61cfb88a5314871fd6710dea1be2501b41287ddca116c65bc23b160,11554937,1787548584,29128,2507361706,0x846943093f519a47734765bef9ee1136800beb9c
1,0x846943093f519a47734765bef9ee1136800beb9c,0xdb9b1e94b5b69df7e401ddbede43491141047db3,0,0x7b0360bc6b86f3247a5b1637eaefad4a8ed47d11acd917e81fb26efa07afc135,11567882,1787708328,573161,2489324242,0x846943093f519a47734765bef9ee1136800beb9c
1,0x846943093f519a47734765bef9ee1136800beb9c,0xdb9b1e94b5b69df7e401ddbede43491141047db3,0,0x208b5ad1f29fade16481985b8816a208de00c31e6ca72a1a805f73dc91d7ffe0,11568013,1787710044,530283,2537980820,0x846943093f519a47734765bef9ee1136800beb9c
1,0x846943093f519a47734765bef9ee1136800beb9c,0xdb9b1e94b5b69df7e401ddbede43491141047db3,0,0x5487dabafd688cf538547b8944c1e940cff6b44060b99708e8fb6a865d1263de,11568111,1787711292,313245,2489963626,0x846943093f519a47734765bef9ee1136800beb9c
1,0x846943093f519a47734765bef9ee1136800beb9c,0xdb9b1e94b5b69df7e401ddbede43491141047db3,0,0x0e361aa4c7be37dbff3a40238b272087bbeb02f1c241d4a70ca8e52b7ddc04b0,11581567,1787879868,547611,2643497455,0x846943093f519a47734765bef9ee1136800beb9c
1,0x846943093f519a47734765bef9ee1136800beb9c,0xdb9b1e94b5b69df7e401ddbede43491141047db3,0,0x7601af451b1fcb22f6b928248131be0ea903954af63928064ee7ce38b4268f0d,11581581,1787880048,530295,2625669262,0x846943093f519a47734765bef9ee1136800beb9c
1,0x846943093f519a47734765bef9ee1136800beb9c,0xdb9b1e94b5b69df7e401ddbede43491141047db3,0,0x3ad75d1ca2516e0e45fc7220a8ea118dddac820fd06e4c77a50feaf1107776c3,11581669,1787881116,530271,2579741560,0x846943093f519a47734765bef9ee1136800beb9c
1,0x846943093f519a47734765bef9ee1136800beb9c,0xdb9b1e94b5b69df7e401ddbede43491141047db3,0,0x6a9e759e4efa71e7d2f58114292da6e6f8bceaeea3442199be8a7dbc00c9e5b7,11581736,1787881968,150866,2591347750,0x846943093f519a47734765bef9ee1136800beb9c
1,0x846943093f519a47734765bef9ee1136800beb9c,0xd98b9cc1f3a8db4e2a24768e56b240deebac5e34,0,0xaa45324573cf3a838994d6731034108a20e96686fba072d5b61b6d05be6b12c1,11581741,1787882028,58096,2634176386,0x846943093f519a47734765bef9ee1136800beb9c
1,0x846943093f519a47734765bef9ee1136800beb9c,0xdb9b1e94b5b69df7e401ddbede43491141047db3,0,0x65aad10cccffe0f298e70a0d451319b6cbe279fcdfcc9e6a275d15adee5e8c16,11582481,1787891160,547586,2609076047,0x846943093f519a47734765bef9ee1136800beb9c
1,0x846943093f519a47734765bef9ee1136800beb9c,0xdb9b1e94b5b69df7e401ddbede43491141047db3,0,0x0bd9b590fbee15458a10db5532a74489a2de19562c14e055cd35c207a71a07c8,11582825,1787895408,547574,2510989329,0x846943093f519a47734765bef9ee1136800beb9c
1,0x846943093f519a47734765bef9ee1136800beb9c,0xdb9b1e94b5b69df7e401ddbede43491141047db3,0,0x61561b7d7e13add94b0cfbd3248e526282d6c51c6c173b36f382757225ebcb97,11582921,1787896584,547586,2481498989,0x846943093f519a47734765bef9ee1136800beb9c
1,0x846943093f519a47734765bef9ee1136800beb9c,0xdb9b1e94b5b69df7e401ddbede43491141047db3,0,0xfc58f3b049be33eb38dd2045a05a557b277b9cbb4620371eeae6e4546224669e,11582986,1787897364,150866,2517155556,0x846943093f519a47734765bef9ee1136800beb9c
1,0x846943093f519a47734765bef9ee1136800beb9c,0xdb9b1e94b5b69df7e401ddbede43491141047db3,0,0x72e2558f017525e7e90a76c1b2badc788a50aed0598987aefd3fcac3c5509c02,11582991,1787897436,167269,2491118240,0x846943093f519a47734765bef9ee1136800beb9c
1,0x846943093f519a47734765bef9ee1136800beb9c,0xdb9b1e94b5b69df7e401ddbede43491141047db3,0,0x42aafc85b8337c300cabc1e3a5732fd0ac720cdc62fbea1c9fb9c0c62e2f2286,11658517,1788837852,547538,2519508283,0x846943093f519a47734765bef9ee1136800beb9c
1,0x846943093f519a47734765bef9ee1136800beb9c,0xdb9b1e94b5b69df7e401ddbede43491141047db3,0,0xf32424e1b4f92bd3f2bed5819019627c3608b51fb64d2d44fdb0022202567ec2,11665572,1788927480,547526,2459187295,0x846943093f519a47734765bef9ee1136800beb9c
1,0x846943093f519a47734765bef9ee1136800beb9c,0xdb9b1e94b5b69df7e401ddbede43491141047db3,0,0x42639762a900a9da3b2a5ff38dab8951abeef418db197c960cd08b3b99396f1f,11665639,1788928308,299439,2576519237,0x846943093f519a47734765bef9ee1136800beb9c
1,0x846943093f519a47734765bef9ee1136800beb9c,0x0ec72ac1f37f2b6e9182a9d4d3d062594773063c,0,0x07fe64c1a9f3bae2bf4ec689c05fba798009856605fb4c30c55e8f16326b22a7,11665650,1788928440,35332,2553368584,0x846943093f519a47734765bef9ee1136800beb9c
