hash,from,to,value,blockNumber,timeStamp,gas,gasPrice
0x948fd5f91e31d62037a2070e9a1e4b56db1864c75200efb2e72e728c2b465bd9,0x846943093f519a47734765bef9ee1136800beb9c,0xe7f1725e7734ce288f8367e1bb143e90bb3f0512,0,11554817,1787547120,28977,2472162700
0x93237ed5a61cfb88a5314871fd6710dea1be2501b41287ddca116c65bc23b160,0x846943093f519a47734765bef9ee1136800beb9c,0xe7f1725e7734ce288f8367e1bb143e90bb3f0512,0,11554937,1787548584,29128,2507361706
0x7e2ddd10c49b6bac4aab3df190f96ef0d58e27e342d274288b130e4c5272620e,0x846943093f519a47734765bef9ee1136800beb9c,,0,11567808,1787707368,2833927,1119837204
0x47c36796343f76b333b3f89ef3202ad06bdb129f63b8a13ff2d8ec843fb7d5d4,0x846943093f519a47734765bef9ee1136800beb9c,,0,11567809,1787707380,996272,1073709565
0x93cebd8ea5a9d20882ee99610cfdce0854b1a3b8c5adf37bb3a9220b7726c479,0x846943093f519a47734765bef9ee1136800beb9c,,0,11567821,1787707524,3023723,1012445291
0x7b0360bc6b86f3247a5b1637eaefad4a8ed47d11acd917e81fb26efa07afc135,0x846943093f519a47734765bef9ee1136800beb9c,0xdb9b1e94b5b69df7e401ddbede43491141047db3,0,11567882,1787708328,573161,2489324242
0x208b5ad1f29fade16481985b8816a208de00c31e6ca72a1a805f73dc91d7ffe0,0x846943093f519a47734765bef9ee1136800beb9c,0xdb9b1e94b5b69df7e401ddbede43491141047db3,0,11568013,1787710044,530283,2537980820
0x5487dabafd688cf538547b8944c1e940cff6b44060b99708e8fb6a865d1263de,0x846943093f519a47734765bef9ee1136800beb9c,0xdb9b1e94b5b69df7e401ddbede43491141047db3,0,11568111,1787711292,313245,2489963626
0x31d6a30adaa603613336c251d75edb8b29d1912d571572e5abf0708516ca6809,0x846943093f519a47734765bef9ee1136800beb9c,,0,11568144,1787711724,3023723,1129635100
0xfb2d309f8a74837d1532664d37469ef6377b9dbdd0cc68a35af5f571bc93acec,0x846943093f519a47734765bef9ee1136800beb9c,,0,11581509,1787879148,2833927,1129990271
0x79c266c5efd9b703770708815477eed9975280cea60bc26f72d9360d4d000981,0x846943093f519a47734765bef9ee1136800beb9c,,0,11581510,1787879160,996272,1212209084
0xa724cc21bf637cf288493f5f561f9a1fd68be5c0db93afa057fe581ea8ad60d8,0x846943093f519a47734765bef9ee1136800beb9c,,0,11581514,1787879208,3023711,1160610362
0xe022dfc807667642bf1751600ec99748576e6443033bf6e66132961bf3f506ef,0x846943093f519a47734765bef9ee1136800beb9c,,0,11581550,1787879664,2833927,1166219753
0x4ffa47493546581a575eafcf97c3c0d4b6f97730b04e18d71ee8e4222d585a00,0x846943093f519a47734765bef9ee1136800beb9c,,0,11581551,1787879676,996272,1243132823
0x7c68bbb6ae27044838d2509739c9d89d662be985325cf5c7306b4f85a200a0d8,0x846943093f519a47734765bef9ee1136800beb9c,,0,11581560,1787879784,3023711,1251912444
0x0e361aa4c7be37dbff3a40238b272087bbeb02f1c241d4a70ca8e52b7ddc04b0,0x846943093f519a47734765bef9ee1136800beb9c,0xdb9b1e94b5b69df7e401ddbede43491141047db3,0,11581567,1787879868,547611,2643497455
0x7601af451b1fcb22f6b928248131be0ea903954af63928064ee7ce38b4268f0d,0x846943093f519a47734765bef9ee1136800beb9c,0xdb9b1e94b5b69df7e401ddbede43491141047db3,0,11581581,1787880048,530295,2625669262
0x3ad75d1ca2516e0e45fc7220a8ea118dddac820fd06e4c77a50feaf1107776c3,0x846943093f519a47734765bef9ee1136800beb9c,0xdb9b1e94b5b69df7e401ddbede43491141047db3,0,11581669,1787881116,530271,2579741560
0x6a9e759e4efa71e7d2f58114292da6e6f8bceaeea3442199be8a7dbc00c9e5b7,0x846943093f519a47734765bef9ee1136800beb9c,0xdb9b1e94b5b69df7e401ddbede43491141047db3,0,11581736,1787881968,150866,2591347750
0xaa45324573cf3a838994d6731034108a20e96686fba072d5b61b6d05be6b12c1,0x846943093f519a47734765bef9ee1136800beb9c,0xd98b9cc1f3a8db4e2a24768e56b240deebac5e34,0,11581741,1787882028,58096,2634176386
0x78ff215cb43117f952157ab054b9a7dc5065975f461c7f1fce43a3981571147d,0x846943093f519a47734765bef9ee1136800beb9c,,0,11582385,1787889984,2833927,1158833761
0xd684439bd37ef746eb2a60f2290c2856a50cbc2d229aaf6c18da8331392503a6,0x846943093f519a47734765bef9ee1136800beb9c,,0,11582386,1787889996,996272,1082729127
0x17ff63d65f298a379d10fe56237eee5bf0afad4da9f1cf585e0050ce9894bcc0,0x846943093f519a47734765bef9ee1136800beb9c,,0,11582405,1787890236,3023711,1135146456
0x65aad10cccffe0f298e70a0d451319b6cbe279fcdfcc9e6a275d15adee5e8c16,0x846943093f519a47734765bef9ee1136800beb9c,0xdb9b1e94b5b69df7e401ddbede43491141047db3,0,11582481,1787891160,547586,2609076047
0xef0b94cc66b76870f2cee480c9f7d48cc64af43284dd48ed6cd448b88dc66039,0x846943093f519a47734765bef9ee1136800beb9c,,0,11582564,1787892204,2833927,1121376183
0xa01951a8828e06bbe71d64b6a769217070ec89e455e610a0cf3dedcef2d4a4c6,0x846943093f519a47734765bef9ee1136800beb9c,,0,11582565,1787892216,996272,1134166473
0x96b2bf8cbfc98de9fd030482f24c21bc2c67a15db4cd4bc63f5e5405250d1db8,0x846943093f519a47734765bef9ee1136800beb9c,,0,11582807,1787895168,2833927,1017213193
0x2751ca3047f3f0e4a683c93a1e36ce2a122c30e4fec29ded4474c60834d7e7a7,0x846943093f519a47734765bef9ee1136800beb9c,,0,11582808,1787895180,996272,1120834717
0x0bd9b590fbee15458a10db5532a74489a2de19562c14e055cd35c207a71a07c8,0x846943093f519a47734765bef9ee1136800beb9c,0xdb9b1e94b5b69df7e401ddbede43491141047db3,0,11582825,1787895408,547574,2510989329
0xf06ee6d00f5c6e5a1bc2aa19351b0def3926c5f3045f8cbc8d66896599fbee80,0x846943093f519a47734765bef9ee1136800beb9c,,0,11582875,1787896008,2833927,1121625370
0xae58a4c4970642ac65d406d4100ed99884903231fa44fdfab787e367bf966223,0x846943093f519a47734765bef9ee1136800beb9c,,0,11582876,1787896020,996272,1094965433
0x61561b7d7e13add94b0cfbd3248e526282d6c51c6c173b36f382757225ebcb97,0x846943093f519a47734765bef9ee1136800beb9c,0xdb9b1e94b5b69df7e401ddbede43491141047db3,0,11582921,1787896584,547586,2481498989
0x3f1c184dcc380e0483725955c341988299d8259266ef3a3ece9a8523eccc566d,0x846943093f519a47734765bef9ee1136800beb9c,,0,11582965,1787897112,3023711,1151664006
0xfc58f3b049be33eb38dd2045a05a557b277b9cbb4620371eeae6e4546224669e,0x846943093f519a47734765bef9ee1136800beb9c,0xdb9b1e94b5b69df7e401ddbede43491141047db3,0,11582986,1787897364,150866,2517155556
0x72e2558f017525e7e90a76c1b2badc788a50aed0598987aefd3fcac3c5509c02,0x846943093f519a47734765bef9ee1136800beb9c,0xdb9b1e94b5b69df7e401ddbede43491141047db3,0,11582991,1787897436,167269,2491118240
0x1d05a6fa4cbe097c0e24cdb910c02991ec484b72c321d9244bc8513069c0b0be,0x846943093f519a47734765bef9ee1136800beb9c,,0,11657604,1788826668,2833927,1121704938
0x95da9a2b4c583c4d4f5d533f9acf8c687d3440e8b765876e2cd2f7a380ddcd8f,0x846943093f519a47734765bef9ee1136800beb9c,,0,11657605,1788826680,996272,1109809476
0xf727ccbeaa01d8718c5c332885a874eee6b2c8415dc180a26aef9a496c129463,0x846943093f519a47734765bef9ee1136800beb9c,,0,11657609,1788826728,3023711,1089103197
0x2a1a234200001c1267da232054b52ce103da47633a0d0f57888c80f23dde6aca,0x846943093f519a47734765bef9ee1136800beb9c,,0,11658496,1788837588,2833927,1002863398
0x6570ed0a20ef63d777b668f04445c93f2afada30e142604810d90a0b65b9bef7,0x846943093f519a47734765bef9ee1136800beb9c,,0,11658498,1788837612,996272,1086659203
0x96759209a863ffdda9fbfdb644f4643f7deece833872525e6fe1bdff0ee20b5e,0x846943093f519a47734765bef9ee1136800beb9c,,0,11658501,1788837648,3023711,1123069219
0x42aafc85b8337c300cabc1e3a5732fd0ac720cdc62fbea1c9fb9c0c62e2f2286,0x846943093f519a47734765bef9ee1136800beb9c,0xdb9b1e94b5b69df7e401ddbede43491141047db3,0,11658517,1788837852,547538,2519508283
0x6963146df07e3e346ad7daea3920a2f417c6664d6cb6a1cc2fa5b08cb57108f3,0x846943093f519a47734765bef9ee1136800beb9c,,0,11659342,1788848172,2911590,1122267366
0x0480034c873ab1b33e8e6322d5953ee7024eff580a5841d4e75a5e609b5fa5b6,0x846943093f519a47734765bef9ee1136800beb9c,,0,11659343,1788848184,996272,1135062964
0xc382c5fe83ae13a6c2282f83cf473239de9bc93a156cb76ddc05cf24817a9029,0x846943093f519a47734765bef9ee1136800beb9c,,0,11659347,1788848232,3140258,1122866604
0xdeb1e71aab2226c9a5f1613a310a67ebf179af529b2a82773ccc2762c02b2845,0x846943093f519a47734765bef9ee1136800beb9c,,0,11665557,1788927288,2911300,1101170283
0xdf8a6fbd2566493134b9f8ed764fc608cb787e26b09a5a4d9bfbec4e2341cf7d,0x846943093f519a47734765bef9ee1136800beb9c,,0,11665559,1788927312,996260,1088259994
0x6200a0fc5f741cfe221469d66f3bbdcfc10ece4cafd25808498d5c3e19c02dd2,0x846943093f519a47734765bef9ee1136800beb9c,,0,11665563,1788927360,3139822,1120739523
0xf32424e1b4f92bd3f2bed5819019627c3608b51fb64d2d44fdb0022202567ec2,0x846943093f519a47734765bef9ee1136800beb9c,0xdb9b1e94b5b69df7e401ddbede43491141047db3,0,11665572,1788927480,547526,2459187295
0x42639762a900a9da3b2a5ff38dab8951abeef418db197c960cd08b3b99396f1f,0x846943093f519a47734765bef9ee1136800beb9c,0xdb9b1e94b5b69df7e401ddbede43491141047db3,0,11665639,1788928308,299439,2576519237
0x07fe64c1a9f3bae2bf4ec689c05fba798009856605fb4c30c55e8f16326b22a7,0x846943093f519a47734765bef9ee1136800beb9c,0x0ec72ac1f37f2b6e9182a9d4d3d062594773063c,0,11665650,1788928440,35332,2553368584
